Ano,Pop,Area,Densidade,municipio
2000,17.193,"6.368,30","2,71",Brasil-Novo
2001,17.93,"6.368,30","2,82",Brasil-Novo
2002,18.387,"6.368,30",2.89,Brasil-Novo
2003,18.941,"6.368,30","2,97",Brasil-Novo
2004,20.197,"6.368,30","3,17",Brasil-Novo
2005,20.747,"6.368,30","3,26",Brasil-Novo
2006,21.386,"6.368,30","3,36",Brasil-Novo
2007,18.749,"6.368,30","2,94",Brasil-Novo
2008,19.531,"6.368,30","3,07",Brasil-Novo
2009,19.754,"6.368,30","3,10",Brasil-Novo
2010,15.69,"6.362,56","2,47",Brasil-Novo
2011,15.575,"6.362,56","2,45",Brasil-Novo
2012,17.96,"6.362,60","2,82",Brasil-Novo
2013,15.3,"6.362,60","2,40",Brasil-Novo
2014,15.139,"6.368,30","2,38",Brasil-Novo
2015,14.984,"6.368,30","2,35",Brasil-Novo
2016,14.834,"6.362,58","2,33",Brasil-Novo
2017,14.689,"6.362,58","2,31",Brasil-Novo
2018,15.19,"6.362,58","2,39",Brasil-Novo
2019,15.086,"6.362,58","2,37",Brasil-Novo
2020,14.983,"6.362,58","2,35",Brasil-Novo
2021,14.883,"6.362,58","2,34",Brasil-Novo
2022,24.718,"6.362,58","3,88",Brasil-Novo
2023,25.691,"6.362,58","4,04",Brasil-Novo
2024,26.606,"6.362,58","4,18",Brasil-Novo
2000,4.035,"196,00","20,49",Sao-Joao-da-Ponta
2001,4.013,"196,00","20,47",Sao-Joao-da-Ponta
2002,4.001,"196,00","20,41",Sao-Joao-da-Ponta
2003,3.985,"196,00","20,33",Sao-Joao-da-Ponta
2004,3.95,"196,00","20,15",Sao-Joao-da-Ponta
2005,3.934,"196,00","20,07",Sao-Joao-da-Ponta
2006,3.919,"196,00","19,99",Sao-Joao-da-Ponta
2007,4.715,"196,00","24,06",Sao-Joao-da-Ponta
2008,4.949,"196,00","25,25",Sao-Joao-da-Ponta
2009,5.038,"196,00","25,70",Sao-Joao-da-Ponta
2010,5.265,"195,92","26,87",Sao-Joao-da-Ponta
2011,5.359,"195,92","27,35",Sao-Joao-da-Ponta
2012,5.451,"195,90","27,83",Sao-Joao-da-Ponta
2013,5.608,"195,90","28,63",Sao-Joao-da-Ponta
2014,5.703,"196,00","29,10",Sao-Joao-da-Ponta
2015,5.795,"196,00","29,57",Sao-Joao-da-Ponta
2016,5.884,"195,92","30,03",Sao-Joao-da-Ponta
2017,5.97,"195,92","30,47",Sao-Joao-da-Ponta
2018,6.059,"195,92","30,93",Sao-Joao-da-Ponta
2019,6.139,"195,92","31,33",Sao-Joao-da-Ponta
2020,6.217,"195,92","31,73",Sao-Joao-da-Ponta
2021,6.294,"195,92","32,13",Sao-Joao-da-Ponta
2022,4.43,"195,92","22,61",Sao-Joao-da-Ponta
2023,4.548,"195,92","23,21",Sao-Joao-da-Ponta
2024,4.509,"195,92","23,01",Sao-Joao-da-Ponta
2000,7.693,"326,50","23,45",Magalhaes-Barata
2001,7.62,"326,50","23,34",Magalhaes-Barata
2002,7.769,"326,50","23,79",Magalhaes-Barata
2003,7.805,"326,50","23,91",Magalhaes-Barata
2004,7.885,"326,50","24,15",Magalhaes-Barata
2005,7.92,"326,50","24,26",Magalhaes-Barata
2006,7.958,"326,50","24,37",Magalhaes-Barata
2007,7.65,"326,50","23,43",Magalhaes-Barata
2008,7.883,"326,50","24,14",Magalhaes-Barata
2009,7.895,"326,50","24,18",Magalhaes-Barata
2010,8.115,"323,74","25,07",Magalhaes-Barata
2011,8.147,"323,74","25,17",Magalhaes-Barata
2012,8.179,"323,70","25,27",Magalhaes-Barata
2013,8.24,"323,70","25,46",Magalhaes-Barata
2014,8.26,"326,50","25,30",Magalhaes-Barata
2015,8.279,"326,50","25,36",Magalhaes-Barata
2016,8.298,"325,27","25,51",Magalhaes-Barata
2017,8.316,"325,27","25,57",Magalhaes-Barata
2018,8.523,"323,98","26,31",Magalhaes-Barata
2019,8.548,"323,98","26,38",Magalhaes-Barata
2020,8.573,"323,98","26,46",Magalhaes-Barata
2021,8.598,"323,98","26,54",Magalhaes-Barata
2022,8.115,"323,98","25,05",Magalhaes-Barata
2023,8.414,"323,98","25,97",Magalhaes-Barata
2024,8.428,"323,98","26,01",Magalhaes-Barata
2000,21.379,"8.272,70",2.59,Medicilandia
2001,21.636,"8.272,70","2,62",Medicilandia
2002,21.735,"8.272,70","2,63",Medicilandia
2003,21.901,"8.272,70","2,65",Medicilandia
2004,22.276,"8.272,70","2,69",Medicilandia
2005,22.44,"8.272,70","2,71",Medicilandia
2006,22.629,"8.272,70","2,74",Medicilandia
2007,22.624,"8.272,70","2,73",Medicilandia
2008,23.487,"8.272,70","2,84",Medicilandia
2009,23.682,"8.272,70","2,86",Medicilandia
2010,27.328,"8.272,60","3,30",Medicilandia
2011,27.785,"8.272,60","3,36",Medicilandia
2012,28.227,"8.272,60","3,41",Medicilandia
2013,28.987,"8.272,60","3,50",Medicilandia
2014,29.444,"8.272,70","3,56",Medicilandia
2015,29.887,"8.272,70","3,61",Medicilandia
2016,30.315,"8.272,63","3,66",Medicilandia
2017,30.726,"8.272,63","3,71",Medicilandia
2018,31.213,"8.272,63","3,77",Medicilandia
2019,31.597,"8.272,63","3,82",Medicilandia
2020,31.975,"8.272,63","3,87",Medicilandia
2021,32.347,"8.272,63","3,91",Medicilandia
2022,27.094,"8.272,63","3,28",Medicilandia
2023,28.691,"8.272,63","3,47",Medicilandia
2024,28.633,"8.272,63","3,46",Medicilandia
2000,3.796,"1.298,20","2,92",Sapucaia
2001,3.615,"1.298,20","2,78",Sapucaia
2002,3.499,"1.298,20","2,70",Sapucaia
2003,3.361,"1.298,20","2,59",Sapucaia
2004,3.048,"1.298,20","2,35",Sapucaia
2005,2.911,"1.298,20","2,24",Sapucaia
2006,2.752,"1.298,20","2,12",Sapucaia
2007,5.117,"1.298,20","3,94",Sapucaia
2008,5.444,"1.298,20","4,19",Sapucaia
2009,5.609,"1.298,20","4,32",Sapucaia
2010,5.047,"1.298,19","3,89",Sapucaia
2011,5.143,"1.298,19","3,96",Sapucaia
2012,5.236,"1.298,20","4,03",Sapucaia
2013,5.395,"1.298,20","4,16",Sapucaia
2014,5.492,"1.298,20","4,23",Sapucaia
2015,5.587,"1.298,20","4,30",Sapucaia
2016,5.678,"1.298,19","4,37",Sapucaia
2017,5.766,"1.298,19","4,44",Sapucaia
2018,5.849,"1.298,19","4,51",Sapucaia
2019,5.93,"1.298,19","4,57",Sapucaia
2020,6.009,"1.298,19","4,63",Sapucaia
2021,6.088,"1.298,19","4,69",Sapucaia
2022,5.847,"1.298,19","4,50",Sapucaia
2023,6.077,"1.298,19","4,68",Sapucaia
2024,6.16,"1.298,19","4,75",Sapucaia
2000,11.378,"278,10","40,72",Santa-Barbara-do-Para
2001,11.696,"278,10","42,06",Santa-Barbara-do-Para
2002,11.929,"278,10","42,89",Santa-Barbara-do-Para
2003,12.184,"278,10","43,81",Santa-Barbara-do-Para
2004,12.764,"278,10","45,90",Santa-Barbara-do-Para
2005,13.018,"278,10","46,82",Santa-Barbara-do-Para
2006,13.313,"278,10","47,87",Santa-Barbara-do-Para
2007,13.714,"278,10","49,31",Santa-Barbara-do-Para
2008,14.439,"278,10","51,92",Santa-Barbara-do-Para
2009,14.74,"278,10","53,00",Santa-Barbara-do-Para
2010,17.141,"278,15","61,62",Santa-Barbara-do-Para
2011,17.583,"278,15","63,21",Santa-Barbara-do-Para
2012,18.012,"278,20","64,74",Santa-Barbara-do-Para
2013,18.736,"278,20","67,35",Santa-Barbara-do-Para
2014,19.197,"278,10","69,03",Santa-Barbara-do-Para
2015,19.645,"278,10","70,64",Santa-Barbara-do-Para
2016,20.077,"278,15","72,18",Santa-Barbara-do-Para
2017,20.492,"278,15","73,67",Santa-Barbara-do-Para
2018,20.704,"278,15","74,43",Santa-Barbara-do-Para
2019,21.079,"278,15","75,78",Santa-Barbara-do-Para
2020,21.449,"278,15","77,11",Santa-Barbara-do-Para
2021,21.811,"278,15","78,41",Santa-Barbara-do-Para
2022,21.087,"278,15","75,81",Santa-Barbara-do-Para
2023,21.993,"278,15","79,07",Santa-Barbara-do-Para
2024,22.288,"278,15","80,13",Santa-Barbara-do-Para
2000,23.255,"3.914,30","5,91",Oeiras-do-Para
2001,23.8,"3.914,30","6,08",Oeiras-do-Para
2002,24.194,"3.914,30","6,18",Oeiras-do-Para
2003,24.63,"3.914,30","6,29",Oeiras-do-Para
2004,25.619,"3.914,30","6,54",Oeiras-do-Para
2005,26.051,"3.914,30","6,66",Oeiras-do-Para
2006,26.555,"3.914,30","6,78",Oeiras-do-Para
2007,25.42,"3.914,30","6,49",Oeiras-do-Para
2008,26.487,"3.914,30","6,77",Oeiras-do-Para
2009,26.796,"3.914,30","6,85",Oeiras-do-Para
2010,28.595,"3.852,28","7,42",Oeiras-do-Para
2011,29.005,"3.852,28","7,53",Oeiras-do-Para
2012,29.402,"3.852,30","7,63",Oeiras-do-Para
2013,30.088,"3.852,30","7,81",Oeiras-do-Para
2014,30.49,"3.914,30","7,79",Oeiras-do-Para
2015,30.88,"3.914,30","7,89",Oeiras-do-Para
2016,31.257,"3.852,29","8,11",Oeiras-do-Para
2017,31.619,"3.852,29","8,21",Oeiras-do-Para
2018,32.168,"3.852,29","8,35",Oeiras-do-Para
2019,32.512,"3.852,29","8,44",Oeiras-do-Para
2020,32.85,"3.852,29","8,53",Oeiras-do-Para
2021,33.182,"3.852,29","8,61",Oeiras-do-Para
2022,33.844,"3.852,29","8,79",Oeiras-do-Para
2023,35.91,3.852,"9,32",Oeiras-do-Para
2024,36.377,3.852,"9,44",Oeiras-do-Para
2000,1.280.614,"1.065,30","1.196,72",Belem
2001,1.304.314,"1.065,30","1.224,36",Belem
2002,1.322.683,"1.065,30","1.241,61",Belem
2003,1.342.202,"1.065,30","1.259,93",Belem
2004,1.386.482,"1.065,30","1.301,49",Belem
2005,1.405.871,"1.065,30","1.319,70",Belem
2006,1.428.368,"1.065,30","1.340,81",Belem
2007,1.408.847,"1.065,30","1.322,49",Belem
2008,1.424.124,"1.065,30","1.336,83",Belem
2009,1.437.600,"1.065,30","1.349,48",Belem
2010,1.393.399,"1.059,40","1.315,27",Belem
2011,1.402.056,"1.059,40","1.323,44",Belem
2012,1.410.430,"1.059,40","1.331,35",Belem
2013,1.425.923,"1.059,40","1.345,97",Belem
2014,1.432.844,"1.065,30","1.345,01",Belem
2015,1.439.561,"1.065,30","1.351,32",Belem
2016,1.446.042,"1.059,46","1.364,89",Belem
2017,1.452.275,"1.059,46","1.370,77",Belem
2018,1.485.732,"1.059,46","1.402,35",Belem
2019,1.492.745,"1.059,47","1.408,96",Belem
2020,1.499.641,"1.059,47","1.415,47",Belem
2021,1.506.420,"1.059,47","1.421,87",Belem
2022,1.303.403,"1.059,47","1.230,25",Belem
2023,1.407.017,"1.059,46","1.328,05",Belem
2024,1.398.531,"1.059,46","1.320,04",Belem
2000,18.893,"2.876,90","6,54",Nova-Esperanca-do-Piria
2001,20.386,"2.876,90","7,09",Nova-Esperanca-do-Piria
2002,21.469,"2.876,90",7.46,Nova-Esperanca-do-Piria
2003,22.665,"2.876,90","7,88",Nova-Esperanca-do-Piria
2004,25.377,"2.876,90","8,82",Nova-Esperanca-do-Piria
2005,26.564,"2.876,90","9,23",Nova-Esperanca-do-Piria
2006,27.945,"2.876,90","9,71",Nova-Esperanca-do-Piria
2007,22.447,"2.876,90","7,80",Nova-Esperanca-do-Piria
2008,23.599,"2.876,90","8,20",Nova-Esperanca-do-Piria
2009,24.062,"2.876,90","8,36",Nova-Esperanca-do-Piria
2010,20.158,"2.809,61","7,17",Nova-Esperanca-do-Piria
2011,20.255,"2.809,61","7,21",Nova-Esperanca-do-Piria
2012,20.35,"2.809,60","7,24",Nova-Esperanca-do-Piria
2013,20.528,"2.809,60","7,31",Nova-Esperanca-do-Piria
2014,20.596,"2.876,90","7,16",Nova-Esperanca-do-Piria
2015,20.663,"2.876,90","7,18",Nova-Esperanca-do-Piria
2016,20.727,"2.809,32","7,38",Nova-Esperanca-do-Piria
2017,20.789,"2.809,32","7,40",Nova-Esperanca-do-Piria
2018,21.291,"2.809,20","7,58",Nova-Esperanca-do-Piria
2019,21.368,"2.809,20","7,61",Nova-Esperanca-do-Piria
2020,21.444,"2.809,20","7,64",Nova-Esperanca-do-Piria
2021,21.519,"2.808,20","7,66",Nova-Esperanca-do-Piria
2022,20.478,"2.808,20","7,29",Nova-Esperanca-do-Piria
2023,21.274,"2.808,20","7,58",Nova-Esperanca-do-Piria
2024,21.259,"2.808,20","7,57",Nova-Esperanca-do-Piria
2000,7.681,"471,10","16,23",Inhangapi
2001,7.796,"471,10","16,55",Inhangapi
2002,7.894,"471,10","16,76",Inhangapi
2003,7.993,"471,10","16,97",Inhangapi
2004,8.217,"471,10","17,44",Inhangapi
2005,8.316,"471,10","17,65",Inhangapi
2006,8.43,"471,10","17,89",Inhangapi
2007,9.592,"471,10","20,36",Inhangapi
2008,10.134,"471,10","21,51",Inhangapi
2009,10.377,"471,10","22,03",Inhangapi
2010,10.037,"471,43","21,29",Inhangapi
2011,10.218,"471,43","21,67",Inhangapi
2012,10.393,"471,40","22,05",Inhangapi
2013,10.693,"471,40","22,68",Inhangapi
2014,10.876,"471,10","23,09",Inhangapi
2015,11.053,"471,10","23,46",Inhangapi
2016,11.224,"471,45","23,81",Inhangapi
2017,11.388,"471,45","24,16",Inhangapi
2018,11.559,"471,64","24,51",Inhangapi
2019,11.711,"472,61","24,78",Inhangapi
2020,11.861,"472,61","25,10",Inhangapi
2021,12.009,"472,61","25,41",Inhangapi
2022,10.325,"472,61","21,85",Inhangapi
2023,10.733,"472,61","22,71",Inhangapi
2024,10.754,"472,61","22,75",Inhangapi
2000,9.224,"1.473,60","6,23",Curua
2001,9.321,"1.473,60","6,33",Curua
2002,9.429,"1.473,60","6,40",Curua
2003,9.524,"1.473,60","6,46",Curua
2004,9.74,"1.473,60","6,61",Curua
2005,9.835,"1.473,60","6,67",Curua
2006,9.945,"1.473,60","6,75",Curua
2007,11.928,"1.473,60","8,09",Curua
2008,12.644,"1.473,60","8,58",Curua
2009,12.984,"1.473,60","8,81",Curua
2010,12.254,"1.431,15","8,56",Curua
2011,12.487,"1.431,15","8,73",Curua
2012,12.712,"1.431,20","8,88",Curua
2013,13.097,"1.431,20","9,15",Curua
2014,13.333,"1.473,60","9,05",Curua
2015,13.562,"1.473,60","9,20",Curua
2016,13.783,"1.431,13","9,63",Curua
2017,13.996,"1.431,13","9,78",Curua
2018,14.197,"1.431,13","9,92",Curua
2019,14.393,"1.431,13","10,06",Curua
2020,14.587,"1.431,13","10,19",Curua
2021,14.776,"1.431,13","10,32",Curua
2022,14.117,"1.431,13","9,86",Curua
2023,14.68,"1.431,35","10,26",Curua
2024,14.834,"1.431,35","10,36",Curua
2000,38.435,"4.455,70","8,59",Tailandia
2001,40.693,"4.455,70","9,13",Tailandia
2002,42.796,"4.455,70","9,60",Tailandia
2003,44.82,"4.455,70","10,06",Tailandia
2004,49.412,"4.455,70","11,09",Tailandia
2005,51.421,"4.455,70","11,54",Tailandia
2006,53.755,"4.455,70","12,06",Tailandia
2007,64.281,"4.455,70","14,43",Tailandia
2008,69.581,"4.455,70","15,62",Tailandia
2009,72.72,"4.455,70","16,32",Tailandia
2010,79.297,"4.430,20","17,90",Tailandia
2011,82.433,"4.430,20","18,61",Tailandia
2012,85.468,"4.430,20","19,29",Tailandia
2013,90.552,"4.430,20","20,44",Tailandia
2014,93.906,"4.455,70","21,08",Tailandia
2015,97.161,"4.455,70","21,81",Tailandia
2016,100.3,"4.430,22","22,64",Tailandia
2017,103.321,"4.430,22","23,32",Tailandia
2018,103.664,"4.430,48","23,40",Tailandia
2019,106.339,"4.430,48","24,00",Tailandia
2020,108.969,"4.430,48","24,60",Tailandia
2021,111.554,"4.430,48","25,18",Tailandia
2022,72.493,"4.430,48","16,36",Tailandia
2023,76.033,"4.430,48","17,16",Tailandia
2024,75.526,"4.430,48","17,05",Tailandia
2000,19.471,"13.826,10","1,40",Ourilandia-do-Norte
2001,19.763,13.826.10,1.43,Ourilandia-do-Norte
2002,19.637,"13.826,10","1,42",Ourilandia-do-Norte
2003,19.714,"13.826,10","1,43",Ourilandia-do-Norte
2004,19.889,"13.826,10","1,44",Ourilandia-do-Norte
2005,19.965,"13.826,10","1,44",Ourilandia-do-Norte
2006,20.054,"13.826,10","1,45",Ourilandia-do-Norte
2007,20.415,"13.826,10","1,48",Ourilandia-do-Norte
2008,21.171,"13.826,10","1,53",Ourilandia-do-Norte
2009,21.327,"13.826,10","1,54",Ourilandia-do-Norte
2010,27.359,"14.339,40","1,91",Ourilandia-do-Norte
2011,27.964,"14.339,40","1,95",Ourilandia-do-Norte
2012,28.551,"14.339,40","1,99",Ourilandia-do-Norte
2013,29.547,"14.339,40","2,06",Ourilandia-do-Norte
2014,30.171,"13.826,10","2,18",Ourilandia-do-Norte
2015,30.776,"13.826,10","2,23",Ourilandia-do-Norte
2016,31.359,"14.410,57","2,18",Ourilandia-do-Norte
2017,31.921,"14.410,57","2,22",Ourilandia-do-Norte
2018,32.319,"14.410,57","2,24",Ourilandia-do-Norte
2019,32.832,"14.410,57","2,28",Ourilandia-do-Norte
2020,33.335,"14.410,57","2,31",Ourilandia-do-Norte
2021,33.831,"14.410,57","2,35",Ourilandia-do-Norte
2022,32.467,"14.410,57","2,25",Ourilandia-do-Norte
2023,34.538,"14.410,57","2,40",Ourilandia-do-Norte
2024,34.905,"14.410,57","2,42",Ourilandia-do-Norte
2000,40.546,"2.006,00","20,12",Jacunda
2001,42.164,"2.006,00","21,02",Jacunda
2002,42.773,"2.006,00","21,32",Jacunda
2003,43.806,"2.006,00","21,84",Jacunda
2004,46.151,"2.006,00","23,01",Jacunda
2005,47.176,"2.006,00","23,52",Jacunda
2006,48.368,"2.006,00","24,11",Jacunda
2007,51.511,"2.006,00","25,68",Jacunda
2008,54.513,"2.006,00","27,17",Jacunda
2009,55.9,"2.006,00","27,87",Jacunda
2010,51.36,"2.008,31","25,57",Jacunda
2011,52.19,"2.008,31","25,99",Jacunda
2012,52.993,"2.008,30","26,39",Jacunda
2013,54.376,"2.008,30","27,08",Jacunda
2014,55.204,"2.006,00","27,52",Jacunda
2015,56.006,"2.006,00","27,92",Jacunda
2016,56.781,"2.008,32","28,27",Jacunda
2017,57.526,"2.008,32","28,64",Jacunda
2018,58.457,"2.008,32","29,11",Jacunda
2019,59.155,"2.008,32","29,46",Jacunda
2020,59.842,"2.008,32","29,80",Jacunda
2021,60.517,"2.008,32","30,13",Jacunda
2022,37.707,"2.008,32","18,78",Jacunda
2023,39.537,"2.008,33","19,69",Jacunda
2024,38.391,"2.008,33","19,12",Jacunda
2000,14.594,"2.628,90","5,53",Belterra
2001,15.083,"2.628,90","5,74",Belterra
2002,15.467,"2.628,90","5,88",Belterra
2003,15.872,"2.628,90","6,04",Belterra
2004,16.79,"2.628,90","6,39",Belterra
2005,17.192,"2.628,90",6.54,Belterra
2006,17.659,"2.628,90","6,72",Belterra
2007,12.707,"2.628,90","4,83",Belterra
2008,12.861,"2.628,90","4,89",Belterra
2009,12.671,"2.628,90","4,82",Belterra
2010,16.318,"4.398,41","3,71",Belterra
2011,16.45,"4.398,41","3,74",Belterra
2012,16.579,"4.398,40","3,77",Belterra
2013,16.808,"4.398,40","3,82",Belterra
2014,16.924,"2.628,90","6,44",Belterra
2015,17.036,"2.628,90","6,48",Belterra
2016,17.145,"4.398,42","3,90",Belterra
2017,17.249,"4.398,42","3,92",Belterra
2018,17.624,"4.398,42","4,01",Belterra
2019,17.732,"4.398,42","4,03",Belterra
2020,17.839,"4.398,42","4,06",Belterra
2021,17.944,"4.398,42","4,08",Belterra
2022,18.099,"4.398,42","4,11",Belterra
2023,18.825,"4.398,42","4,28",Belterra
2024,18.954,"4.398,42","4,31",Belterra
2000,3.78,"2.956,70","1,27",Bannach
2001,3.703,"2.956,70","1,25",Bannach
2002,3.656,"2.956,70","1,24",Bannach
2003,3.599,"2.956,70","1,22",Bannach
2004,3.469,"2.956,70","1,17",Bannach
2005,3.412,"2.956,70","1,15",Bannach
2006,3.345,"2.956,70","1,13",Bannach
2007,3.812,"2.956,70","1,29",Bannach
2008,3.935,"2.956,70","1,33",Bannach
2009,3.947,"2.956,70","1,33",Bannach
2010,3.431,"2.956,64","1,16",Bannach
2011,3.404,"2.956,64","1,15",Bannach
2012,3.379,"2.956,60","1,14",Bannach
2013,3.34,"2.956,60","1,13",Bannach
2014,3.303,"2.956,70","1,12",Bannach
2015,3.267,"2.956,70","1,10",Bannach
2016,3.233,"2.956,65","1,09",Bannach
2017,3.2,"2.956,65","1,08",Bannach
2018,3.31,"2.956,65","1,12",Bannach
2019,3.286,"2.956,65","1,11",Bannach
2020,3.262,"2.956,65","1,10",Bannach
2021,3.239,"2.956,65","1,10",Bannach
2022,4.031,"2.956,65","1,36",Bannach
2023,4.193,"2.956,65","1,42",Bannach
2024,4.252,"2.956,65","1,44",Bannach
2000,7.124,"1.671,50",4.26,Pau-D´arco
2001,7.427,"1.671,50","4,44",Pau-D´arco
2002,7.641,"1.671,50","4,57",Pau-D´arco
2003,7.88,"1.671,50","4,71",Pau-D´arco
2004,8.424,"1.671,50","5,04",Pau-D´arco
2005,8.662,"1.671,50","5,18",Pau-D´arco
2006,8.939,"1.671,50","5,35",Pau-D´arco
2007,6.466,"1.671,50","3,87",Pau-D´arco
2008,6.583,"1.671,50","3,94",Pau-D´arco
2009,6.522,"1.671,50","3,90",Pau-D´arco
2010,6.038,"1.671,42","3,61",Pau-D´arco
2011,5.949,"1.671,42","3,56",Pau-D´arco
2012,5.869,"1.671,40","3,51",Pau-D´arco
2013,5.743,"1.671,40","3,44",Pau-D´arco
2014,5.637,"1.671,50","3,37",Pau-D´arco
2015,5.535,"1.671,50","3,31",Pau-D´arco
2016,5.436,"1.671,42","3,25",Pau-D´arco
2017,5.341,"1.671,42","3,20",Pau-D´arco
2018,5.557,"1.671,42","3,32",Pau-D´arco
2019,5.483,"1.671,42","3,28",Pau-D´arco
2020,5.41,"1.671,42","3,24",Pau-D´arco
2021,5.339,"1.671,42","3,19",Pau-D´arco
2022,6.931,"1.671,42","4,15",Pau-D´arco
2023,7.231,"1.671,42","4,33",Pau-D´arco
2024,7.296,"1.671,42","4,37",Pau-D´arco
2000,15.721,"13.287,10","1,18",Senador-Jose-Porfirio
2001,14.817,"13.287,10","1,12",Senador-Jose-Porfirio
2002,14.173,"13.287,10","1,07",Senador-Jose-Porfirio
2003,13.455,"13.287,10","1,01",Senador-Jose-Porfirio
2004,11.826,"13.287,10","0,89",Senador-Jose-Porfirio
2005,11.113,"13.287,10","0,84",Senador-Jose-Porfirio
2006,10.283,"13.287,10","0,77",Senador-Jose-Porfirio
2007,14.302,"13.287,10","1,08",Senador-Jose-Porfirio
2008,14.566,"13.287,10","1,10",Senador-Jose-Porfirio
2009,14.434,"13.287,10","1,09",Senador-Jose-Porfirio
2010,13.045,"14.374,23","0,91",Senador-Jose-Porfirio
2011,12.84,"14.374,23","0,89",Senador-Jose-Porfirio
2012,12.641,"14.374,20","0,88",Senador-Jose-Porfirio
2013,12.331,"14.374,20","0,86",Senador-Jose-Porfirio
2014,12.075,"13.287,10","0,91",Senador-Jose-Porfirio
2015,11.827,"13.287,10","0,89",Senador-Jose-Porfirio
2016,11.587,"14.419,92","0,80",Senador-Jose-Porfirio
2017,11.357,"14.419,92","0,79",Senador-Jose-Porfirio
2018,11.839,"14.419,92","0,82",Senador-Jose-Porfirio
2019,11.658,"14.419,92","0,81",Senador-Jose-Porfirio
2020,11.48,"14.419,92","0,80",Senador-Jose-Porfirio
2021,11.305,"14.419,92","0,78",Senador-Jose-Porfirio
2022,22.576,"14.419,92","1,57",Senador-Jose-Porfirio
2023,23.428,"14.419,92","1,62",Senador-Jose-Porfirio
2024,24.441,"14.419,92","1,69",Senador-Jose-Porfirio
2000,119.152,"1.606,80","73,83",Abaetetuba
2001,121.415,"1.606,80","75,56",Abaetetuba
2002,123.184,"1.606,80",76.66,Abaetetuba
2003,125.055,"1.606,80","77,83",Abaetetuba
2004,129.3,"1.606,80","80,47",Abaetetuba
2005,131.158,"1.606,80","81,63",Abaetetuba
2006,133.317,"1.606,80","82,97",Abaetetuba
2007,132.222,"1.606,80","82,29",Abaetetuba
2008,138.005,"1.606,80","85,89",Abaetetuba
2009,139.819,"1.606,80",87.02,Abaetetuba
2010,141.1,"1.610,60","87,61",Abaetetuba
2011,142.785,"1.610,60","88,65",Abaetetuba
2012,144.415,"1.610,60","89,67",Abaetetuba
2013,147.267,"1.610,60","91,44",Abaetetuba
2014,148.873,"1.606,80","92,65",Abaetetuba
2015,150.431,"1.606,80","93,62",Abaetetuba
2016,151.934,"1.610,41","94,35",Abaetetuba
2017,153.38,"1.610,40","95,24",Abaetetuba
2018,156.292,"1.610,65","97,04",Abaetetuba
2019,157.698,"1.610,65","97,91",Abaetetuba
2020,159.08,"1.610,65","98,77",Abaetetuba
2021,160.439,"1.610,65","99,61",Abaetetuba
2022,158.188,"1.610,65","98,21",Abaetetuba
2023,169.354,"1.610,65","105,15",Abaetetuba
2024,170.999,"1.610,65","106,17",Abaetetuba
2000,10.632,"609,80","17,36",Colares
2001,10.899,"609,80","17,87",Colares
2002,11.115,"609,80","18,23",Colares
2003,11.339,"609,80","18,59",Colares
2004,11.847,"609,80","19,43",Colares
2005,12.069,"609,80","19,79",Colares
2006,12.329,"609,80","20,22",Colares
2007,10.981,"609,80","18,01",Colares
2008,11.367,"609,80","18,64",Colares
2009,11.433,"609,80","18,75",Colares
2010,11.381,"609,79","18,66",Colares
2011,11.438,"609,79","18,76",Colares
2012,11.495,"609,80","18,85",Colares
2013,11.6,"609,80","19,02",Colares
2014,11.641,"609,80","19,09",Colares
2015,11.682,"609,80","19,16",Colares
2016,11.721,"609,79","19,22",Colares
2017,11.759,"609,79","19,28",Colares
2018,12.04,"384,07","31,35",Colares
2019,12.085,"384,07","31,47",Colares
2020,12.131,"384,07","31,59",Colares
2021,12.175,"384,07","31,70",Colares
2022,12.868,"384,07","33,50",Colares
2023,13.43,"384,07","34,97",Colares
2024,13.526,"384,07","35,22",Colares
2000,24.718,"795,60","30,93",Marapanim
2001,25.205,"795,60","31,68",Marapanim
2002,25.692,"795,60","32,29",Marapanim
2003,26.145,"795,60","32,86",Marapanim
2004,27.171,"795,60","34,15",Marapanim
2005,27.619,"795,60","34,71",Marapanim
2006,28.14,"795,60","35,37",Marapanim
2007,26.651,"795,60","33,50",Marapanim
2008,27.727,"795,60","34,85",Marapanim
2009,28.011,"795,60","35,21",Marapanim
2010,26.605,"795,98","33,42",Marapanim
2011,26.75,"795,98","33,61",Marapanim
2012,26.89,"796,00","33,78",Marapanim
2013,27.153,"796,00","34,11",Marapanim
2014,27.262,"795,60","34,27",Marapanim
2015,27.368,"795,60","34,40",Marapanim
2016,27.471,"795,99","34,51",Marapanim
2017,27.569,"795,99","34,63",Marapanim
2018,28.22,"804,76","35,07",Marapanim
2019,28.336,"804,63","35,22",Marapanim
2020,28.45,"804,63","35,36",Marapanim
2021,28.563,"804,63","35,50",Marapanim
2022,26.573,"804,63","33,03",Marapanim
2023,28.092,"804,63","34,91",Marapanim
2024,28.105,"804,63","34,93",Marapanim
2000,15.118,"1.043,50","14,42",Salvaterra
2001,15.492,"1.043,50","14,85",Salvaterra
2002,15.797,"1.043,50","15,14",Salvaterra
2003,16.113,"1.043,50","15,44",Salvaterra
2004,16.828,"1.043,50","16,13",Salvaterra
2005,17.141,"1.043,50","16,43",Salvaterra
2006,17.505,"1.043,50","16,78",Salvaterra
2007,17.077,"1.043,50","16,37",Salvaterra
2008,17.858,"1.043,50","17,11",Salvaterra
2009,18.124,"1.043,50","17,37",Salvaterra
2010,20.183,"1.039,07","19,42",Salvaterra
2011,20.572,"1.039,07","19,80",Salvaterra
2012,20.948,"1.039,10","20,16",Salvaterra
2013,21.592,"1.039,10","20,78",Salvaterra
2014,21.987,"1.043,50","21,07",Salvaterra
2015,22.37,"1.043,50","21,44",Salvaterra
2016,22.74,"1.039,07","21,88",Salvaterra
2017,23.096,"1.039,07","22,23",Salvaterra
2018,23.424,"918,56","25,50",Salvaterra
2019,23.752,"918,56","25,86",Salvaterra
2020,24.075,"918,56","26,21",Salvaterra
2021,24.392,"918,56","26,55",Salvaterra
2022,24.129,"918,56","26,27",Salvaterra
2023,25.105,"919,00","27,33",Salvaterra
2024,25.441,"919,00","27,70",Salvaterra
2000,29.505,"8.372,80","3,51",Afua
2001,30.677,"8.372,80","3,66",Afua
2002,31.503,"8.372,80","3,76",Afua
2003,32.431,"8.372,80","3,87",Afua
2004,34.534,"8.372,80","4,12",Afua
2005,35.455,"8.372,80","4,23",Afua
2006,36.525,"8.372,80","4,36",Afua
2007,31.183,"8.372,80","3,72",Afua
2008,32.368,"8.372,80","3,87",Afua
2009,32.633,"8.372,80","3,90",Afua
2010,35.042,"8.372,76","4,19",Afua
2011,35.467,"8.372,76","4,24",Afua
2012,35.879,"8.372,80","4,29",Afua
2013,36.598,"8.372,80","4,37",Afua
2014,37.004,"8.372,80","4,42",Afua
2015,37.398,"8.372,80","4,47",Afua
2016,37.778,"8.372,80","4,51",Afua
2017,38.144,"8.372,80","4,56",Afua
2018,38.863,"8.338,44","4,66",Afua
2019,39.218,"8.338,44","4,70",Afua
2020,39.567,"8.338,44","4,75",Afua
2021,39.91,"8.338,44","4,79",Afua
2022,37.765,"8.338,44","4,53",Afua
2023,40.008,"8.338,00","4,80",Afua
2024,40.246,"8.338,00","4,83",Afua
2000,19.958,"3.513,00","5,66",Soure
2001,20.261,"3.513,00","5,77",Soure
2002,20.479,"3.513,00","5,83",Soure
2003,20.721,"3.513,00","5,90",Soure
2004,21.27,"3.513,00","6,05",Soure
2005,21.51,"3.513,00","6,12",Soure
2006,21.789,"3.513,00","6,20",Soure
2007,21.395,"3.513,00","6,09",Soure
2008,22.244,"3.513,00","6,33",Soure
2009,22.459,"3.513,00","6,39",Soure
2010,23.001,"3.517,30","6,54",Soure
2011,23.235,"3.517,30","6,61",Soure
2012,23.461,"3.517,30","6,67",Soure
2013,23.861,"3.517,30","6,78",Soure
2014,24.076,"3.513,00","6,85",Soure
2015,24.286,"3.513,00","6,91",Soure
2016,24.488,"3.517,32","6,96",Soure
2017,24.682,"3.517,32","7,02",Soure
2018,25.181,"2.857,35","8,81",Soure
2019,25.374,"2.857,35","8,88",Soure
2020,25.565,"2.857,35","8,95",Soure
2021,25.752,"2.857,35","9,01",Soure
2022,24.204,"2.857,35","8,47",Soure
2023,25.149,"2.857,00","8,80",Soure
2024,25.218,"2.857,00","8,83",Soure
2000,25.351,"469,00","53,81",Mae-do-Rio
2001,24.882,"469,00","53,05",Mae-do-Rio
2002,24.562,"469,00","52,37",Mae-do-Rio
2003,24.196,"469,00","51,59",Mae-do-Rio
2004,23.366,"469,00","49,82",Mae-do-Rio
2005,23.002,"469,00","49,04",Mae-do-Rio
2006,22.579,"469,00","48,14",Mae-do-Rio
2007,27.614,"469,00","58,88",Mae-do-Rio
2008,28.762,"469,00","61,33",Mae-do-Rio
2009,29.087,"469,00","62,02",Mae-do-Rio
2010,27.904,"469,49","59,43",Mae-do-Rio
2011,28.1,"469,49","59,85",Mae-do-Rio
2012,28.29,"469,50","60,26",Mae-do-Rio
2013,28.636,"469,50","60,99",Mae-do-Rio
2014,28.8,"469,00","61,41",Mae-do-Rio
2015,28.959,"469,00","61,75",Mae-do-Rio
2016,29.112,"469,49","62,01",Mae-do-Rio
2017,29.26,"469,49","62,32",Mae-do-Rio
2018,29.917,"469,49","63,72",Mae-do-Rio
2019,30.077,"469,34","64,08",Mae-do-Rio
2020,30.235,"469,34","64,42",Mae-do-Rio
2021,30.389,"469,34","64,75",Mae-do-Rio
2022,34.353,"469,34","73,19",Mae-do-Rio
2023,36.465,"469,34","77,69",Mae-do-Rio
2024,37.048,"469,34","78,94",Mae-do-Rio
2000,41.784,"24.387,60","1,71",Alenquer
2001,41.461,"24.387,60","1,70",Alenquer
2002,41.19,"24.387,60","1,69",Alenquer
2003,40.914,"24.387,60","1,68",Alenquer
2004,40.289,"24.387,60","1,65",Alenquer
2005,40.015,"24.387,60",1.64,Alenquer
2006,39.697,"24.387,60","1,63",Alenquer
2007,52.661,"24.387,60","2,16",Alenquer
2008,55.688,"24.387,60","2,28",Alenquer
2009,57.067,"24.387,60","2,34",Alenquer
2010,52.626,"23.645,37","2,23",Alenquer
2011,53.004,"23.645,37","2,24",Alenquer
2012,53.369,"23.645,40","2,26",Alenquer
2013,54.035,"23.645,40","2,29",Alenquer
2014,54.353,"24.387,60","2,23",Alenquer
2015,54.662,"24.387,60","2,24",Alenquer
2016,54.96,"23.645,45","2,32",Alenquer
2017,55.246,"23.645,45","2,34",Alenquer
2018,56.48,"23.645,45","2,39",Alenquer
2019,56.789,"23.645,45","2,40",Alenquer
2020,57.092,"23.645,45","2,41",Alenquer
2021,57.39,"23.645,45","2,43",Alenquer
2022,69.377,"23.645,45","2,93",Alenquer
2023,73.171,"23.644,39","3,09",Alenquer
2024,74.836,"23.644,39","3,17",Alenquer
2000,43.227,"717,70","59,96",Santa-Izabel-do-Para
2001,44.146,"717,70","61,51",Santa-Izabel-do-Para
2002,45.31,"717,70","63,13",Santa-Izabel-do-Para
2003,46.276,"717,70","64,48",Santa-Izabel-do-Para
2004,48.469,"717,70","67,53",Santa-Izabel-do-Para
2005,49.428,"717,70","68,87",Santa-Izabel-do-Para
2006,50.543,"717,70","70,42",Santa-Izabel-do-Para
2007,51.763,"717,70","72,12",Santa-Izabel-do-Para
2008,54.464,"717,70","75,89",Santa-Izabel-do-Para
2009,55.57,"717,70","77,43",Santa-Izabel-do-Para
2010,59.466,"717,66","82,86",Santa-Izabel-do-Para
2011,60.712,"717,66","84,60",Santa-Izabel-do-Para
2012,61.919,"717,70","86,27",Santa-Izabel-do-Para
2013,63.973,"717,70","89,14",Santa-Izabel-do-Para
2014,65.251,"717,70","90,92",Santa-Izabel-do-Para
2015,66.49,"717,70","92,64",Santa-Izabel-do-Para
2016,67.686,"717,66","94,31",Santa-Izabel-do-Para
2017,68.836,"717,66","95,92",Santa-Izabel-do-Para
2018,69.746,"717,66","97,19",Santa-Izabel-do-Para
2019,70.801,"717,66","98,66",Santa-Izabel-do-Para
2020,71.837,"717,66","100,10",Santa-Izabel-do-Para
2021,72.856,"717,66","101,52",Santa-Izabel-do-Para
2022,73.019,"717,66","101,75",Santa-Izabel-do-Para
2023,77.255,"717,66","107,65",Santa-Izabel-do-Para
2024,78.317,"717,66","109,13",Santa-Izabel-do-Para
2000,77.439,"160.755,00","0,48",Altamira
2001,78.76,"160.755,00","0,49",Altamira
2002,79.776,"160.755,00","0,50",Altamira
2003,80.861,"160.755,00","0,50",Altamira
2004,83.322,"160.755,00","0,52",Altamira
2005,84.398,"160.755,00","0,53",Altamira
2006,85.651,"160.755,00","0,53",Altamira
2007,92.105,"160.755,00","0,57",Altamira
2008,96.842,"160.755,00","0,60",Altamira
2009,98.75,"160.755,00","0,61",Altamira
2010,99.075,"160.755,00","0,62",Altamira
2011,100.736,"159.533,40","0,63",Altamira
2012,102.343,"159.533,00","0,64",Altamira
2013,105.106,"159.533,00","0,66",Altamira
2014,106.768,"160.755,00","0,66",Altamira
2015,108.382,"160.755,00","0,67",Altamira
2016,109.938,"159.533,26","0,69",Altamira
2017,111.435,"159.533,33","0,70",Altamira
2018,113.195,"159.533,33","0,71",Altamira
2019,114.594,"159.533,33","0,72",Altamira
2020,115.969,"159.533,31","0,73",Altamira
2021,117.32,"159.533,31","0,74",Altamira
2022,126.279,"159.533,31","0,79",Altamira
2023,134.39,"159.533,31","0,84",Altamira
2024,136.982,"159.533,31","0,86",Altamira
2000,33.449,"217,90","152,87",Salinopolis
2001,34.624,"217,90","158,90",Salinopolis
2002,35.717,"217,90","163,91",Salinopolis
2003,36.77,"217,90","168,75",Salinopolis
2004,39.157,"217,90","179,70",Salinopolis
2005,40.202,"217,90","184,50",Salinopolis
2006,41.417,"217,90","190,07",Salinopolis
2007,37.066,"217,90","170,11",Salinopolis
2008,38.681,"217,90","177,52",Salinopolis
2009,39.184,"217,90","179,83",Salinopolis
2010,37.421,"237,49","157,57",Salinopolis
2011,37.726,"237,49","158,86",Salinopolis
2012,38.021,"237,50","160,09",Salinopolis
2013,38.552,"237,50","162,32",Salinopolis
2014,38.819,"217,90","178,15",Salinopolis
2015,39.078,"217,90","179,34",Salinopolis
2016,39.328,"237,74","165,43",Salinopolis
2017,39.569,"237,74","166,44",Salinopolis
2018,40.424,"223,16","181,15",Salinopolis
2019,40.675,"226,12","179,88",Salinopolis
2020,40.922,"226,12","180,97",Salinopolis
2021,41.164,"226,12","182,04",Salinopolis
2022,44.772,"226,12","198,00",Salinopolis
2023,47.506,"226,12","210,09",Salinopolis
2024,48.168,"226,12","213,02",Salinopolis
2000,7.544,"984,00","7,63",Palestina-do-Para
2001,7.772,"984,00","7,90",Palestina-do-Para
2002,7.968,"984,00","8,10",Palestina-do-Para
2003,8.165,"984,00","8,30",Palestina-do-Para
2004,8.611,"984,00","8,75",Palestina-do-Para
2005,8.806,"984,00","8,95",Palestina-do-Para
2006,9.033,"984,00","9,18",Palestina-do-Para
2007,7.156,"984,00","7,27",Palestina-do-Para
2008,7.329,"984,00","7,45",Palestina-do-Para
2009,7.301,"984,00","7,42",Palestina-do-Para
2010,7.475,"984,36","7,59",Palestina-do-Para
2011,7.47,"984,36","7,59",Palestina-do-Para
2012,7.465,"984,40","7,58",Palestina-do-Para
2013,7.465,"984,40","7,58",Palestina-do-Para
2014,7.444,"984,00","7,57",Palestina-do-Para
2015,7.424,980.00,"7,54",Palestina-do-Para
2016,7.404,"984,36","7,52",Palestina-do-Para
2017,7.386,"984,36","7,50",Palestina-do-Para
2018,7.596,"984,36","7,72",Palestina-do-Para
2019,7.589,"984,36","7,71",Palestina-do-Para
2020,7.582,"984,36","7,70",Palestina-do-Para
2021,7.575,"984,36","7,70",Palestina-do-Para
2022,6.885,"984,36","6,99",Palestina-do-Para
2023,7.153,"984,36","7,27",Palestina-do-Para
2024,7.086,"984,36","7,20",Palestina-do-Para
2000,262.538,"24.314,40","10,75",Santarem
2001,264.992,"24.314,40","10,90",Santarem
2002,266.391,"24.314,40","10,96",Santarem
2003,268.18,"24.314,40","11,03",Santarem
2004,272.237,"24.314,40","11,20",Santarem
2005,274.012,"24.314,40","11,27",Santarem
2006,276.074,"24.314,40","11,35",Santarem
2007,274.285,"24.314,40","11,28",Santarem
2008,275.571,"24.314,40","11,33",Santarem
2009,276.665,"24.314,40","11,38",Santarem
2010,294.58,"22.886,76","12,87",Santarem
2011,297.039,"22.886,76","12,98",Santarem
2012,284.401,"17.903,51","15,89",Santarem
2013,288.462,"17.903,51","16,11",Santarem
2014,290.521,"17.903,51","16,23",Santarem
2015,292.52,"17.903,51","16,34",Santarem
2016,294.447,"17.898,39","16,45",Santarem
2017,296.302,"17.898,39","16,55",Santarem
2018,302.667,"17.898,39","16,91",Santarem
2019,304.589,"17.898,39","17,02",Santarem
2020,306.48,"17.898,39","17,12",Santarem
2021,308.339,"17.898,39","17,23",Santarem
2022,331.942,"17.898,39","18,55",Santarem
2023,352.581,"17.899,24","19,70",Santarem
2024,357.311,"17.899,24","19,96",Santarem
2000,12.671,"3.312,50","3,81",Picarra
2001,12.907,"3.312,50","3,90",Picarra
2002,13.16,"3.312,50","3,97",Picarra
2003,13.387,"3.312,50","4,04",Picarra
2004,13.902,"3.312,50","4,20",Picarra
2005,14.127,"3.312,50","4,26",Picarra
2006,14.389,"3.312,50","4,34",Picarra
2007,12.707,"3.312,50","3,84",Picarra
2008,13.106,"3.312,50","3,96",Picarra
2009,13.14,"3.312,50","3,97",Picarra
2010,12.697,"3.312,65","3,83",Picarra
2011,12.699,"3.312,65","3,83",Picarra
2012,12.701,"3.312,70","3,83",Picarra
2013,12.72,"3.312,70","3,84",Picarra
2014,12.697,"3.312,50","3,83",Picarra
2015,12.675,"3.312,50","3,83",Picarra
2016,12.653,"3.312,71","3,82",Picarra
2017,12.632,"3.312,71","3,81",Picarra
2018,12.983,"3.312,71","3,92",Picarra
2019,12.981,"3.312,71","3,92",Picarra
2020,12.979,"3.312,71","3,92",Picarra
2021,12.976,"3.312,71","3,92",Picarra
2022,12.832,"3.312,71","3,87",Picarra
2023,13.376,"3.312,71","4,04",Picarra
2024,13.341,"3.312,71","4,03",Picarra
2000,19.254,"5.081,10","3,77",Ulianopolis
2001,20.495,"5.081,10","4,03",Ulianopolis
2002,21.74,"5.081,10","4,28",Ulianopolis
2003,22.894,"5.081,10","4,51",Ulianopolis
2004,25.511,"5.081,10","4,02",Ulianopolis
2005,26.656,"5.081,10","5,25",Ulianopolis
2006,27.987,"5.081,10","5,51",Ulianopolis
2007,31.881,"5.081,10","6,27",Ulianopolis
2008,34.485,"5.081,10","6,79",Ulianopolis
2009,36.02,"5.081,10","7,09",Ulianopolis
2010,43.341,"5.088,45","8,52",Ulianopolis
2011,45.19,"5.088,45","8,88",Ulianopolis
2012,46.979,"5.088,40","9,23",Ulianopolis
2013,49.972,"5.088,40","9,82",Ulianopolis
2014,51.956,"5.081,10","10,23",Ulianopolis
2015,53.881,"5.081,10","10,60",Ulianopolis
2016,55.739,"5.088,47","10,95",Ulianopolis
2017,57.525,"5.088,47","11,30",Ulianopolis
2018,57.632,"5.088,47","11,33",Ulianopolis
2019,59.21,"5.088,47","11,64",Ulianopolis
2020,60.761,"5.088,47","11,94",Ulianopolis
2021,62.286,"5.088,47","12,24",Ulianopolis
2022,37.972,"5.088,47","7,46",Ulianopolis
2023,40.04,"5.088,47","7,87",Ulianopolis
2024,39.576,"5.088,47","7,78",Ulianopolis
2000,10.922,"3.147,90","3,45",Canaa-dos-Carajas
2001,11.425,"3.147,90","3,63",Canaa-dos-Carajas
2002,11.761,"3.147,90","3,74",Canaa-dos-Carajas
2003,12.151,"3.147,90","3,86",Canaa-dos-Carajas
2004,13.035,"3.147,90","4,14",Canaa-dos-Carajas
2005,13.421,"3.147,90","4,26",Canaa-dos-Carajas
2006,13.87,"3.147,90","4,41",Canaa-dos-Carajas
2007,23.757,"3.147,90","7,55",Canaa-dos-Carajas
2008,26.135,"3.147,90","8,30",Canaa-dos-Carajas
2009,27.675,"3.147,90","8,79",Canaa-dos-Carajas
2010,26.716,"3.146,40","8,49",Canaa-dos-Carajas
2011,27.928,"3.146,40","8,88",Canaa-dos-Carajas
2012,29.101,"3.146,40","9,25",Canaa-dos-Carajas
2013,31.062,"3.146,40","9,87",Canaa-dos-Carajas
2014,32.366,"3.147,90","10,28",Canaa-dos-Carajas
2015,33.632,"3.147,90","10,68",Canaa-dos-Carajas
2016,34.853,"3.146,41","11,08",Canaa-dos-Carajas
2017,36.027,"3.146,41","11,45",Canaa-dos-Carajas
2018,36.05,"3.146,41","11,46",Canaa-dos-Carajas
2019,37.085,"3.146,82","11,78",Canaa-dos-Carajas
2020,38.103,"3.146,82","12,11",Canaa-dos-Carajas
2021,39.103,"3.146,82","12,43",Canaa-dos-Carajas
2022,77.079,"3.146,82","24,49",Canaa-dos-Carajas
2023,80.767,"3.146,75","25,67",Canaa-dos-Carajas
2024,86.629,"3.146,75","27,53",Canaa-dos-Carajas
2000,61.334,"19.977,00","3,06",Monte-Alegre
2001,60.832,"19.977,00","3,05",Monte-Alegre
2002,62.041,"19.977,00","3,11",Monte-Alegre
2003,63.396,"19.977,00","3,17",Monte-Alegre
2004,66.467,"19.977,00","3,33",Monte-Alegre
2005,67.811,"19.977,00","3,39",Monte-Alegre
2006,69.372,"19.977,00","3,47",Monte-Alegre
2007,61.35,"19.977,00","3,07",Monte-Alegre
2008,63.543,"19.977,00","3,18",Monte-Alegre
2009,63.941,"19.977,00","3,20",Monte-Alegre
2010,55.462,"18,152,51","3,06",Monte-Alegre
2011,55.635,"18.152,51","3,06",Monte-Alegre
2012,55.804,"18.152,50","3,07",Monte-Alegre
2013,56.147,"18.152,50","3,09",Monte-Alegre
2014,56.231,"19.977,00","2,81",Monte-Alegre
2015,56.312,"19.977,00","2,82",Monte-Alegre
2016,56.391,"18.152,56","3,11",Monte-Alegre
2017,56.466,"18.152,56","3,11",Monte-Alegre
2018,57.9,"18.152,56","3,19",Monte-Alegre
2019,58.032,"18.152,56","3,20",Monte-Alegre
2020,58.162,"18.152,56","3,20",Monte-Alegre
2021,58.289,"18.152,56","3,21",Monte-Alegre
2022,60.012,"18.152,56","3,31",Monte-Alegre
2023,63.302,"18.151,32","3,49",Monte-Alegre
2024,63.641,"18.151,32","3,51",Monte-Alegre
2000,45.201,"10.791,20","4,18",Uruara
2001,47.524,"10.791,20","4,40",Uruara
2002,49.38,"10.791,20","4,58",Uruara
2003,51.32,"10.791,20","4,76",Uruara
2004,55.72,"10.791,20","5,16",Uruara
2005,57.645,"10.791,20","5,34",Uruara
2006,59.882,"10.791,20","5,55",Uruara
2007,35.076,"10.791,20","3,25",Uruara
2008,34.875,"10.791,20","3,23",Uruara
2009,59.881,"10.791,20","5,55",Uruara
2010,44.789,"10.791,34","4,15",Uruara
2011,44.757,"10.791,34",4.15,Uruara
2012,44.727,"10.791,30","4,14",Uruara
2013,44.731,"10.791,30","4,15",Uruara
2014,44.607,"10.791,20","4,13",Uruara
2015,44.486,"10.791,20","4,12",Uruara
2016,44.37,"10.791,41","4,11",Uruara
2017,44.258,"10.791,41","4,10",Uruara
2018,45.517,"10.791,41","4,22",Uruara
2019,45.476,"10.791,41","4,21",Uruara
2020,45.435,"10.791,41","4,21",Uruara
2021,45.395,"10.791,41","4,21",Uruara
2022,43.558,"10.791,41","4,04",Uruara
2023,46.14,"10.791,40","4,28",Uruara
2024,45.939,"10.791,40","4,26",Uruara
2000,80.158,"9.557,60","8,35",Breves
2001,81.458,"9.557,60","8,52",Breves
2002,81.845,"9.557,60","8,56",Breves
2003,82.628,"9.557,60","8,65",Breves
2004,84.404,"9.557,60","8,83",Breves
2005,85.182,"9.557,60","8,91",Breves
2006,86.084,"9.557,60","9,01",Breves
2007,94.458,"9.557,60","9,88",Breves
2008,99.223,"9.557,60","10,38",Breves
2009,101.094,"9.557,60","10,58",Breves
2010,92.86,"9.550,47","9,72",Breves
2011,93.835,"9.550,47","9,83",Breves
2012,94.779,"9.550,50","9,92",Breves
2013,96.444,"9.550,50","10,10",Breves
2014,97.351,"9.557,60","10,19",Breves
2015,98.231,"9.557,60","10,28",Breves
2016,99.08,"9.563,01","10,36",Breves
2017,99.896,"9.563,01","10,45",Breves
2018,101.891,"9.566,57","10,65",Breves
2019,102.701,"9.566,57","10,74",Breves
2020,103.497,"9.566,57","10,82",Breves
2021,104.28,"9.566,57","10,90",Breves
2022,106.968,"9.566,57","11,18",Breves
2023,113.69,"9.566,50","11,88",Breves
2024,115.051,"9.566,50","12,03",Breves
2000,15.437,"2.400,10","6,40",Cachoeira-do-Piria
2001,16.326,"2.400,10","6,80",Cachoeira-do-Piria
2002,16.952,"2.400,10",7.06,Cachoeira-do-Piria
2003,17.655,"2.400,10","7,36",Cachoeira-do-Piria
2004,19.25,"2.400,10","8,02",Cachoeira-do-Piria
2005,19.948,"2.400,10","8,31",Cachoeira-do-Piria
2006,20.759,"2.400,10","8,65",Cachoeira-do-Piria
2007,17.649,"2.400,10","7,35",Cachoeira-do-Piria
2008,18.481,"2.400,10","7,70",Cachoeira-do-Piria
2009,18.777,"2.400,10","7,82",Cachoeira-do-Piria
2010,26.484,"2.461,96","10,76",Cachoeira-do-Piria
2011,27.332,"2.461,96","11,10",Cachoeira-do-Piria
2012,28.153,"2.462,00","11,44",Cachoeira-do-Piria
2013,29.533,"2.462,00","12,00",Cachoeira-do-Piria
2014,30.43,"2.400,10","12,68",Cachoeira-do-Piria
2015,31.3,"2.400,10","13,04",Cachoeira-do-Piria
2016,32.139,"2.461,97","13,05",Cachoeira-do-Piria
2017,32.947,"2.461,97","13,38",Cachoeira-do-Piria
2018,33.178,"2.461,60","13,71",Cachoeira-do-Piria
2019,33.9,"2.419,60","14,01",Cachoeira-do-Piria
2020,34.609,"2.419,60","14,30",Cachoeira-do-Piria
2021,35.307,"2.419,60","14,59",Cachoeira-do-Piria
2022,19.63,"2.419,60","8,11",Cachoeira-do-Piria
2023,24.923,"2.419,60","10,30",Cachoeira-do-Piria
2024,19.578,"2.419,60","8,09",Cachoeira-do-Piria
2000,71.568,"7.046,70","10,16",Parauapebas
2001,75.524,"7.046,70","10,72",Parauapebas
2002,78.303,"7.046,70","11,11",Parauapebas
2003,81.428,"7.046,70","11,56",Parauapebas
2004,88.519,"7.046,70","12,56",Parauapebas
2005,91.621,"7.046,70","13,00",Parauapebas
2006,95.225,"7.046,70","13,51",Parauapebas
2007,133.298,"7.046,70","18,92",Parauapebas
2008,145.326,"7.046,70","20,62",Parauapebas
2009,152.777,"7.046,70","21,68",Parauapebas
2010,153.908,"6.957,32","22,12",Parauapebas
2011,160.228,"6.957,32","23,03",Parauapebas
2012,166.342,"6.957,30","23,91",Parauapebas
2013,176.582,"6.957,30","25,38",Parauapebas
2014,183.352,"7.046,70","26,02",Parauapebas
2015,189.921,"7.046,70","26,95",Parauapebas
2016,196.259,"6.886,21","28,50",Parauapebas
2017,202.356,"6.886,21","29,39",Parauapebas
2018,202.882,"6.886,21","29,46",Parauapebas
2019,208.273,"6.885,79","30,25",Parauapebas
2020,213.576,"6.885,79","31,02",Parauapebas
2021,218.787,"6.885,79","31,77",Parauapebas
2022,267.836,"6.885,79","38,90",Parauapebas
2023,286.345,"6.885,87","41,58",Parauapebas
2024,298.854,"6.885,87","43,40",Parauapebas
2000,31.198,"8.305,90","3,74",Juruti
2001,32.186,"8.305,90","3,88",Juruti
2002,32.868,"8.305,90","3,96",Juruti
2003,33.643,"8.305,90","4,05",Juruti
2004,35.401,"8.305,90","4,26",Juruti
2005,36.17,"8.305,90","4,35",Juruti
2006,37.064,"8.305,90","4,46",Juruti
2007,33.775,"8.305,90","4,07",Juruti
2008,35.155,"8.305,90","4,23",Juruti
2009,35.53,"8.305,90","4,28",Juruti
2010,47.086,"8.305,13","5,67",Juruti
2011,48.306,"8.305,13","5,82",Juruti
2012,49.486,"8.305,10","5,96",Juruti
2013,51.483,"8.305,10","6,20",Juruti
2014,52.755,"8.305,90","6,35",Juruti
2015,53.989,"8.305,90","6,50",Juruti
2016,55.179,"8.305,13","6,64",Juruti
2017,56.325,"8.305,13","6,78",Juruti
2018,56.908,"8.305,45","6,85",Juruti
2019,57.943,"8.305,45","6,98",Juruti
2020,58.96,"8.305,45","7,10",Juruti
2021,59.961,"8.305,45","7,22",Juruti
2022,50.881,"8.305,45","6,13",Juruti
2023,53.683,"8.306,24","6,46",Juruti
2024,53.952,"8.306,24","6,50",Juruti
2000,49.655,"7.880,20","6,27",Itupiranga
2001,52.212,"7.880,20","6,63",Itupiranga
2002,54.088,"7.880,20","6,86",Itupiranga
2003,56.146,"7.880,20","7,12",Itupiranga
2004,60.814,"7.880,20","7,72",Itupiranga
2005,62.856,"7.880,20","7,98",Itupiranga
2006,65.229,"7.880,20","8,28",Itupiranga
2007,42.002,"7.880,20","5,33",Itupiranga
2008,42.332,"7.880,20","5,37",Itupiranga
2009,41.541,"7.880,20",5.27,Itupiranga
2010,51.22,"7.880,08","6,50",Itupiranga
2011,51.34,"7.880,08",6.52,Itupiranga
2012,51.457,"7.880,10","6,53",Itupiranga
2013,51.711,"7.880,10","6,56",Itupiranga
2014,51.743,"7.880,20","6,57",Itupiranga
2015,51.775,"7.880,20","6,57",Itupiranga
2016,51.806,"7.880,11","6,57",Itupiranga
2017,51.835,"7.880,11","6,58",Itupiranga
2018,53.182,"7.880,11","6,75",Itupiranga
2019,53.269,"7.880,11","6,76",Itupiranga
2020,53.355,"7.880,11","6,77",Itupiranga
2021,53.439,"7.880,11","6,78",Itupiranga
2022,49.754,"7.880,11","6,31",Itupiranga
2023,52.587,"7.880,30","6,67",Itupiranga
2024,52.187,"7.880,30","6,62",Itupiranga
2000,5.978,"17.085,20","0,35",Cumaru-do-Norte
2001,5.836,17.085.20,0.34,Cumaru-do-Norte
2002,6.043,"17.085,20","0,35",Cumaru-do-Norte
2003,6.073,"17.085,20","0,36",Cumaru-do-Norte
2004,6.142,"17.085,20","0,36",Cumaru-do-Norte
2005,6.172,"17.085,20","0,36",Cumaru-do-Norte
2006,6.207,"17.085,20","0,36",Cumaru-do-Norte
2007,10.452,"17.085,20","0,61",Cumaru-do-Norte
2008,11.348,"17.085,20","0,66",Cumaru-do-Norte
2009,11.89,"17.085,20","0,70",Cumaru-do-Norte
2010,10.466,"17.084,96","0,61",Cumaru-do-Norte
2011,10.81,"17.084,96","0,63",Cumaru-do-Norte
2012,11.144,"17.085,00","0,65",Cumaru-do-Norte
2013,11.704,"17.085,00","0,69",Cumaru-do-Norte
2014,12.069,"17.085,20","0,71",Cumaru-do-Norte
2015,12.423,"17.085,20","0,73",Cumaru-do-Norte
2016,12.765,"17.085,00","0,75",Cumaru-do-Norte
2017,13.093,"17.085,00","0,77",Cumaru-do-Norte
2018,13.179,"17.085,00","0,77",Cumaru-do-Norte
2019,13.473,"17.085,00","0,79",Cumaru-do-Norte
2020,13.761,"17.085,00","0,81",Cumaru-do-Norte
2021,14.044,"17.085,00","0,82",Cumaru-do-Norte
2022,14.036,"17.085,00","0,82",Cumaru-do-Norte
2023,14.586,"17.085,00","0,85",Cumaru-do-Norte
2024,14.937,"17.085,00","0,87",Cumaru-do-Norte
2000,9.407,"11.899,00","0,79",Anapu
2001,8.908,11.899.00,0.75,Anapu
2002,8.558,"11.899,00","0,72",Anapu
2003,8.164,"11.899,00","0,69",Anapu
2004,7.271,"11.899,00","0,61",Anapu
2005,6.88,"11.899,00","0,58",Anapu
2006,6.424,"11.899,00","0,54",Anapu
2007,17.787,"11.899,00","1,49",Anapu
2008,19.41,"11.899,00","1,63",Anapu
2009,20.421,"11.899,00","1,72",Anapu
2010,20.543,"11.895,47","1,73",Anapu
2011,21.398,"11.895,47","1,80",Anapu
2012,22.225,"11.895,50","1,87",Anapu
2013,23.609,"11.895,50","1,98",Anapu
2014,24.525,"11.899,00","2,06",Anapu
2015,25.414,"11.899,00","2,14",Anapu
2016,26.271,"11.895,27","2,21",Anapu
2017,27.096,"11.895,30","2,28",Anapu
2018,27.161,"11.895,30","2,28",Anapu
2019,27.89,"11.895,27","2,34",Anapu
2020,28.607,"11.895,27","2,40",Anapu
2021,29.312,"11.895,27","2,46",Anapu
2022,31.85,"11.895,27","2,68",Anapu
2023,33.715,"11.895,27","2,83",Anapu
2024,34.947,"11.895,27","2,94",Anapu
2000,24.66,"6.960,60","3,54",Ruropolis
2001,25.283,"6.960,60","3,63",Ruropolis
2002,25.752,"6.960,60","3,70",Ruropolis
2003,26.259,"6.960,60","3,77",Ruropolis
2004,27.41,"6.960,60","3,94",Ruropolis
2005,27.913,"6.960,60","4,01",Ruropolis
2006,28.497,"6.960,60","4,09",Ruropolis
2007,32.95,"6.960,60","4,73",Ruropolis
2008,35.033,"6.960,60","5,03",Ruropolis
2009,36.068,"6.960,60","5,18",Ruropolis
2010,40.087,"7.021,31","5,71",Ruropolis
2011,41.271,"7.021,31","5,88",Ruropolis
2012,42.417,"7.021,30","6,04",Ruropolis
2013,44.349,"7.021,30","6,32",Ruropolis
2014,45.595,"6.960,60","6,55",Ruropolis
2015,46.804,"6.960,60","6,72",Ruropolis
2016,47.971,"7.021,32","6,83",Ruropolis
2017,49.093,"7.021,32","6,99",Ruropolis
2018,49.503,"7.021,32","7,05",Ruropolis
2019,50.51,"7.021,32","7,19",Ruropolis
2020,51.5,"7.021,32","7,33",Ruropolis
2021,52.473,"7.021,32","7,47",Ruropolis
2022,35.769,"7.021,32","5,09",Ruropolis
2023,37.787,"7.021,32","5,38",Ruropolis
2024,37.36,"7.021,32","5,32",Ruropolis
2000,32.446,"3.971,40","8,13",Breu-Branco
2001,35.257,"3.971,40","8,88",Breu-Branco
2002,36.376,"3.971,40","9,16",Breu-Branco
2003,38.2,"3.971,40","9,62",Breu-Branco
2004,42.337,"3.971,40","10,66",Breu-Branco
2005,44.147,"3.971,40","11,12",Breu-Branco
2006,46.25,"3.971,40","11,65",Breu-Branco
2007,47.069,"3.971,40","11,85",Breu-Branco
2008,50.4,"3.971,40","12,69",Breu-Branco
2009,52.2,"3.971,40","13,14",Breu-Branco
2010,52.493,"3.941,91","13,32",Breu-Branco
2011,54.032,"3.941,91","13,71",Breu-Branco
2012,55.521,"3.941,90","14,08",Breu-Branco
2013,58.033,"3.941,90","14,72",Breu-Branco
2014,59.651,"3.971,40","15,02",Breu-Branco
2015,61.222,"3.971,40","15,42",Breu-Branco
2016,62.737,"3.941,91","15,92",Breu-Branco
2017,64.194,"3.941,91","16,28",Breu-Branco
2018,64.738,"3.941,91","16,42",Breu-Branco
2019,66.046,"3.941,91","16,75",Breu-Branco
2020,67.332,"3.941,91","17,08",Breu-Branco
2021,68.597,"3.941,90","17,40",Breu-Branco
2022,45.712,"3.941,90","11,60",Breu-Branco
2023,48.145,"3.941,74","12,21",Breu-Branco
2024,47.351,"3.941,74","12,01",Breu-Branco
2000,24.221,"1.791,20","13,46",Garrafao-do-Norte
2001,24.659,"1.791,20","13,77",Garrafao-do-Norte
2002,25.01,"1.791,20","13,96",Garrafao-do-Norte
2003,25.376,"1.791,20","14,17",Garrafao-do-Norte
2004,26.206,"1.791,20","14,63",Garrafao-do-Norte
2005,26.569,"1.791,20","14,83",Garrafao-do-Norte
2006,26.991,"1.791,20","15,07",Garrafao-do-Norte
2007,24.619,"1.791,20","13,74",Garrafao-do-Norte
2008,25.436,"1.791,20","14,20",Garrafao-do-Norte
2009,25.538,"1.791,20","14,26",Garrafao-do-Norte
2010,25.034,"1.599,02","15,66",Garrafao-do-Norte
2011,25.096,"1.599,02","15,69",Garrafao-do-Norte
2012,25.157,"1.599,00","15,73",Garrafao-do-Norte
2013,25.287,"1.599,00","15,81",Garrafao-do-Norte
2014,25.307,"1.791,20","14,13",Garrafao-do-Norte
2015,25.326,"1.791,20","14,14",Garrafao-do-Norte
2016,25.345,"1.599,03","15,85",Garrafao-do-Norte
2017,25.363,"1.599,03","15,86",Garrafao-do-Norte
2018,26.02,"1.599,03","16,27",Garrafao-do-Norte
2019,26.066,"1.608,01","16,21",Garrafao-do-Norte
2020,26.111,"1.608,01","16,24",Garrafao-do-Norte
2021,26.155,"1.608,01","16,27",Garrafao-do-Norte
2022,24.703,"1.608,01","15,36",Garrafao-do-Norte
2023,25.65,"1.608,01","15,95",Garrafao-do-Norte
2024,25.552,"1.608,01","15,89",Garrafao-do-Norte
2000,48.332,"107.604,40","0,45",Oriximina
2001,49.246,"107.604,40","0,46",Oriximina
2002,49.945,"107.604,40","0,46",Oriximina
2003,50.694,"107.604,40","0,47",Oriximina
2004,52.392,"107.604,40","0,49",Oriximina
2005,53.135,"107.604,40","0,49",Oriximina
2006,53.999,"107.604,40","0,50",Oriximina
2007,55.175,"107.604,40","0,51",Oriximina
2008,57.765,"107.604,40","0,54",Oriximina
2009,58.683,"107.604,40","0,55",Oriximina
2010,62.794,"107.603,22","0,58",Oriximina
2011,63.904,"107.603,22","0,59",Oriximina
2012,64.978,"107.603,00","0,60",Oriximina
2013,66.821,"107.603,00","0,62",Oriximina
2014,67.939,"107.604,40","0,63",Oriximina
2015,69.024,"107.604,40","0,64",Oriximina
2016,70.071,"107.603,29","0,65",Oriximina
2017,71.078,"107.603,66","0,66",Oriximina
2018,72.16,"107.603,44","0,67",Oriximina
2019,73.096,"107.613,84","0,68",Oriximina
2020,74.016,"107.613,84","0,69",Oriximina
2021,74.921,"107.613,84","0,70",Oriximina
2022,68.294,"107.613,84","0,63",Oriximina
2023,72.097,"107.613,63","0,67",Oriximina
2024,72.46,"107.613,63","0,67",Oriximina
2000,47.273,"5.156,30","9,13",Tome-Acu
2001,48.117,"5.156,30","9,33",Tome-Acu
2002,48.508,"5.156,30","9,41",Tome-Acu
2003,49.081,"5.156,30","9,52",Tome-Acu
2004,50.382,"5.156,30","9,77",Tome-Acu
2005,50.951,"5.156,30","9,88",Tome-Acu
2006,51.612,"5.156,30","10,01",Tome-Acu
2007,47.081,"5.156,30","9,13",Tome-Acu
2008,48.522,"5.156,30","9,41",Tome-Acu
2009,48.607,"5.156,30","9,43",Tome-Acu
2010,56.518,"5.145,34","10,98",Tome-Acu
2011,57.228,"5.145,34","11,12",Tome-Acu
2012,57.914,"5.145,30","11,26",Tome-Acu
2013,59.112,"5.145,30","11,49",Tome-Acu
2014,59.795,"5.156,30","11,60",Tome-Acu
2015,60.456,"5.156,30","11,72",Tome-Acu
2016,61.095,"5.145,36","11,87",Tome-Acu
2017,61.709,"5.145,36","11,99",Tome-Acu
2018,62.854,"5.145,36","12,22",Tome-Acu
2019,63.447,"5.145,36","12,33",Tome-Acu
2020,64.03,"5.145,36","12,44",Tome-Acu
2021,64.604,"5.145,36","12,56",Tome-Acu
2022,67.585,"5.145,36","13,14",Tome-Acu
2023,71.307,"5.145,36","13,86",Tome-Acu
2024,72.326,"5.145,36","14,06",Tome-Acu
2000,5.434,"229,40","23,57",Santarem-Novo
2001,5.549,"229,40","24,19",Santarem-Novo
2002,5.633,"229,40","24,56",Santarem-Novo
2003,5.726,"229,40","24,96",Santarem-Novo
2004,5.936,"229,40","25,88",Santarem-Novo
2005,6.028,"229,40","26,28",Santarem-Novo
2006,6.134,"229,40","26,74",Santarem-Novo
2007,6.007,"229,40","26,19",Santarem-Novo
2008,6.267,"229,40","27,32",Santarem-Novo
2009,6.347,"229,40","27,67",Santarem-Novo
2010,6.141,"229,51","26,76",Santarem-Novo
2011,6.195,"229,51","26,99",Santarem-Novo
2012,6.248,"229,50","27,22",Santarem-Novo
2013,6.341,"229,50","27,63",Santarem-Novo
2014,6.39,"229,40","27,86",Santarem-Novo
2015,6.437,"229,40","28,06",Santarem-Novo
2016,6.482,"229,51","28,24",Santarem-Novo
2017,6.526,"229,51","28,43",Santarem-Novo
2018,6.664,"229,51","29,04",Santarem-Novo
2019,6.709,"229,51","29,23",Santarem-Novo
2020,6.753,"229,51","29,42",Santarem-Novo
2021,6.796,"229,51","29,61",Santarem-Novo
2022,6.116,"229,51","26,65",Santarem-Novo
2023,6.342,"229,51","27,63",Santarem-Novo
2024,6.348,"229,51","27,66",Santarem-Novo
2012,15.018,"4.993,28","3,01",Mojui-dos-Campos
2013,15.232,"4.993,28","3,05",Mojui-dos-Campos
2014,15.341,"4.993,28","3,07",Mojui-dos-Campos
2015,15.446,"4.993,28","3,09",Mojui-dos-Campos
2016,15.548,"4.993,28","3,11",Mojui-dos-Campos
2017,15.646,"4.988,24","3,14",Mojui-dos-Campos
2018,15.982,"4.988,24","3,20",Mojui-dos-Campos
2019,16.084,"4.988,24","3,22",Mojui-dos-Campos
2020,16.184,"4.988,24","3,24",Mojui-dos-Campos
2021,16.282,"4.988,24","3,26",Mojui-dos-Campos
2022,23.501,"4.988,24","4,71",Mojui-dos-Campos
2023,24.471,"4.988,24","4,91",Mojui-dos-Campos
2024,25.312,"4.988,24","5,07",Mojui-dos-Campos
2000,13.106,"2.816,20","4,63",Bom-Jesus-do-Tocantins
2001,13.191,"2.816,20","4,68",Bom-Jesus-do-Tocantins
2002,13.426,"2.816,20","4,77",Bom-Jesus-do-Tocantins
2003,13.575,"2.816,20","4,82",Bom-Jesus-do-Tocantins
2004,13.913,"2.816,20","4,94",Bom-Jesus-do-Tocantins
2005,14.06,"2.816,20","4,99",Bom-Jesus-do-Tocantins
2006,14.232,"2.816,20","5,05",Bom-Jesus-do-Tocantins
2007,13.145,"2.816,20","4,67",Bom-Jesus-do-Tocantins
2008,13.559,"2.816,20","4,81",Bom-Jesus-do-Tocantins
2009,13.593,"2.816,20","4,83",Bom-Jesus-do-Tocantins
2010,15.298,"2.816,47","5,43",Bom-Jesus-do-Tocantins
2011,15.466,"2.816,47","5,49",Bom-Jesus-do-Tocantins
2012,15.629,"2.816,50","5,55",Bom-Jesus-do-Tocantins
2013,15.916,"2.816,50","5,65",Bom-Jesus-do-Tocantins
2014,16.074,"2.816,20","5,71",Bom-Jesus-do-Tocantins
2015,16.227,"2.816,20","5,76",Bom-Jesus-do-Tocantins
2016,16.375,"2.816,62","5,81",Bom-Jesus-do-Tocantins
2017,16.517,"2.816,62","5,86",Bom-Jesus-do-Tocantins
2018,16.841,"2.816,62","5,98",Bom-Jesus-do-Tocantins
2019,16.981,"2.816,60","6,03",Bom-Jesus-do-Tocantins
2020,17.118,"2.816,60","6,08",Bom-Jesus-do-Tocantins
2021,17.254,"2.816,60","6,13",Bom-Jesus-do-Tocantins
2022,18.005,"2.816,60","6,39",Bom-Jesus-do-Tocantins
2023,18.811,"2.816,60","6,68",Bom-Jesus-do-Tocantins
2024,18.958,"2.816,60","6,73",Bom-Jesus-do-Tocantins
2000,57.119,"610,70","93,12",Capanema
2001,57.84,"610,70","94,71",Capanema
2002,58.372,"610,70","95,58",Capanema
2003,58.953,"610,70","96,53",Capanema
2004,60.272,"610,70","98,69",Capanema
2005,60.849,"610,70","99,64",Capanema
2006,61.52,"610,70","100,74",Capanema
2007,61.35,"610,70","100,46",Capanema
2008,63.799,"610,70","104,47",Capanema
2009,64.429,"610,70","105,50",Capanema
2010,63.639,"613,57","103,72",Capanema
2011,64.139,"613,57","104,53",Capanema
2012,64.624,"613,60","105,32",Capanema
2013,65.498,"613,60","106,74",Capanema
2014,65.932,"610,70","107,96",Capanema
2015,66.353,"610,70","108,65",Capanema
2016,66.759,"614,69","108,61",Capanema
2017,67.15,"614,69","109,24",Capanema
2018,68.616,"614,69","111,63",Capanema
2019,69.027,"621,48","111,07",Capanema
2020,69.431,"621,48","111,72",Capanema
2021,69.828,"621,48","112,36",Capanema
2022,70.394,"621,48","113,27",Capanema
2023,74.27,"621,48","119,50",Capanema
2024,74.808,"621,48","120,37",Capanema
2000,10.955,"10.330,30","1,06",Santa-Maria-das-Barreiras
2001,11.646,"10.330,30","1,13",Santa-Maria-das-Barreiras
2002,11.739,"10.330,30","1,14",Santa-Maria-das-Barreiras
2003,12.103,"10.330,30","1,17",Santa-Maria-das-Barreiras
2004,12.929,"10.330,30","1,25",Santa-Maria-das-Barreiras
2005,13.29,"10.330,30","1,29",Santa-Maria-das-Barreiras
2006,13.71,"10.330,30","1,33",Santa-Maria-das-Barreiras
2007,16.012,"10.330,30","1,55",Santa-Maria-das-Barreiras
2008,17.156,"10.330,30","1,66",Santa-Maria-das-Barreiras
2009,17.778,"10.330,30","1,72",Santa-Maria-das-Barreiras
2010,17.206,"10.330,19","1,67",Santa-Maria-das-Barreiras
2011,17.686,"10.330,19","1,71",Santa-Maria-das-Barreiras
2012,18.15,"10.330,20","1,76",Santa-Maria-das-Barreiras
2013,18.934,"10.330,20","1,83",Santa-Maria-das-Barreiras
2014,19.437,"10.330,30","1,88",Santa-Maria-das-Barreiras
2015,19.925,"10.330,30","1,93",Santa-Maria-das-Barreiras
2016,20.396,"10.330,21","1,97",Santa-Maria-das-Barreiras
2017,20.849,"10.330,21","2,02",Santa-Maria-das-Barreiras
2018,21.042,"10.330,21","2,04",Santa-Maria-das-Barreiras
2019,21.449,"10.330,21","2,08",Santa-Maria-das-Barreiras
2020,21.85,"10.330,21","2,12",Santa-Maria-das-Barreiras
2021,22.244,"10.330,21","2,15",Santa-Maria-das-Barreiras
2022,16.548,"10.330,21","1,60",Santa-Maria-das-Barreiras
2023,17.178,"10.330,21","1,66",Santa-Maria-das-Barreiras
2024,17.079,"10.330,21","1,65",Santa-Maria-das-Barreiras
2000,9.814,"562,30","17,38",Bonito
2001,9.941,"562,30","17,68",Bonito
2002,10.084,"562,30","17,93",Bonito
2003,10.209,"562,30","18,16",Bonito
2004,10.493,"562,30","18,66",Bonito
2005,10.617,"562,30","18,88",Bonito
2006,10.762,"562,30","19,14",Bonito
2007,11.279,"562,30","20,06",Bonito
2008,11.817,"562,30","21,02",Bonito
2009,12.013,"562,30","21,36",Bonito
2010,13.63,"586,73","23,23",Bonito
2011,13.923,"586,73","23,73",Bonito
2012,14.207,"586,70","24,22",Bonito
2013,14.689,"586,70","25,04",Bonito
2014,14.99,"562,30","26,66",Bonito
2015,15.282,"562,30","27,18",Bonito
2016,15.563,"586,74","26,52",Bonito
2017,15.834,"586,74","26,99",Bonito
2018,16.038,"586,74","27,33",Bonito
2019,16.286,"586,98","27,75",Bonito
2020,16.53,"586,98","28,16",Bonito
2021,16.769,"586,98","28,57",Bonito
2022,12.622,"586,98","21,50",Bonito
2023,13.095,"586,98","22,31",Bonito
2024,12.998,"586,98","22,14",Bonito
2000,20.85,"457,70","45,35",Santa-Maria-do-Para
2001,21.185,"457,70","46,29",Santa-Maria-do-Para
2002,21.461,"457,70","46,89",Santa-Maria-do-Para
2003,21.745,"457,70","47,51",Santa-Maria-do-Para
2004,22.388,"457,70","48,91",Santa-Maria-do-Para
2005,22.669,"457,70","49,53",Santa-Maria-do-Para
2006,22.996,"457,70","50,24",Santa-Maria-do-Para
2007,22.147,"457,70","48,39",Santa-Maria-do-Para
2008,23.001,"457,70","50,25",Santa-Maria-do-Para
2009,23.202,"457,70","50,69",Santa-Maria-do-Para
2010,23.026,"457,72","50,31",Santa-Maria-do-Para
2011,23.193,"457,72","50,67",Santa-Maria-do-Para
2012,23.355,"457,70","51,03",Santa-Maria-do-Para
2013,23.649,"457,70","51,67",Santa-Maria-do-Para
2014,23.79,"457,70","51,98",Santa-Maria-do-Para
2015,23.927,"457,70","52,28",Santa-Maria-do-Para
2016,24.059,"457,72","52,56",Santa-Maria-do-Para
2017,24.186,"457,72","52,84",Santa-Maria-do-Para
2018,24.725,"457,72","54,02",Santa-Maria-do-Para
2019,24.861,"457,72","54,31",Santa-Maria-do-Para
2020,24.995,"457,72","54,61",Santa-Maria-do-Para
2021,25.127,"457,72","54,90",Santa-Maria-do-Para
2022,24.624,"457,72","53,80",Santa-Maria-do-Para
2023,25.594,"457,72","55,92",Santa-Maria-do-Para
2024,25.696,"457,72","56,14",Santa-Maria-do-Para
2000,41.366,"1.089,90","37,78",Sao-Miguel-do-Guama
2001,42.38,"1.089,90","38,88",Sao-Miguel-do-Guama
2002,43.14,"1.089,90","39,58",Sao-Miguel-do-Guama
2003,43.964,"1.089,90","40,34",Sao-Miguel-do-Guama
2004,45.832,"1.089,90",42.05,Sao-Miguel-do-Guama
2005,46.649,"1.089,90","42,80",Sao-Miguel-do-Guama
2006,47.603,"1.089,90","43,68",Sao-Miguel-do-Guama
2007,42.987,"1.089,90","39,44",Sao-Miguel-do-Guama
2008,44.532,"1.089,90","40,86",Sao-Miguel-do-Guama
2009,44.818,"1.089,90","41,12",Sao-Miguel-do-Guama
2010,51.567,"1.110,17","46,45",Sao-Miguel-do-Guama
2011,52.35,"1.110,17","47,16",Sao-Miguel-do-Guama
2012,53.108,"1.110,20","47,84",Sao-Miguel-do-Guama
2013,54.417,"1.110,20","49,02",Sao-Miguel-do-Guama
2014,55.191,"1.089,90","50,64",Sao-Miguel-do-Guama
2015,55.942,"1.089,90","51,33",Sao-Miguel-do-Guama
2016,56.667,"1.110,18","51,04",Sao-Miguel-do-Guama
2017,57.364,"1.110,18","51,67",Sao-Miguel-do-Guama
2018,58.328,"1.110,18","52,54",Sao-Miguel-do-Guama
2019,58.986,"1.094,56","53,89",Sao-Miguel-do-Guama
2020,59.632,"1.094,56","54,48",Sao-Miguel-do-Guama
2021,60.268,"1.094,56","55,06",Sao-Miguel-do-Guama
2022,52.894,"1.094,56","48,32",Sao-Miguel-do-Guama
2023,55.747,"1.094,57","50,93",Sao-Miguel-do-Guama
2024,55.798,"1.094,57","50,98",Sao-Miguel-do-Guama
2000,19.564,"1.398,30","13,93",Limoeiro-do-Ajuru
2001,19.946,"1.398,30","14,26",Limoeiro-do-Ajuru
2002,20.214,"1.398,30","14,46",Limoeiro-do-Ajuru
2003,20.516,"1.398,30","14,67",Limoeiro-do-Ajuru
2004,21.2,"1.398,30","15,16",Limoeiro-do-Ajuru
2005,21.499,"1.398,30","15,38",Limoeiro-do-Ajuru
2006,21.846,"1.398,30","15,62",Limoeiro-do-Ajuru
2007,23.284,"1.398,30","16,65",Limoeiro-do-Ajuru
2008,24.483,"1.398,30","17,51",Limoeiro-do-Ajuru
2009,24.967,"1.398,30","17,86",Limoeiro-do-Ajuru
2010,25.021,"1.490,18","16,79",Limoeiro-do-Ajuru
2011,25.44,"1.490,18","17,07",Limoeiro-do-Ajuru
2012,25.846,"1.490,20","17,34",Limoeiro-do-Ajuru
2013,26.542,"1.490,20","17,81",Limoeiro-do-Ajuru
2014,26.961,"1.398,30","19,28",Limoeiro-do-Ajuru
2015,27.368,"1.398,30","19,57",Limoeiro-do-Ajuru
2016,27.76,"1.490,19","18,63",Limoeiro-do-Ajuru
2017,28.138,"1.490,19","18,88",Limoeiro-do-Ajuru
2018,28.583,"1.490,19","19,18",Limoeiro-do-Ajuru
2019,28.935,"1.490,19","19,42",Limoeiro-do-Ajuru
2020,29.282,"1.490,19","19,65",Limoeiro-do-Ajuru
2021,29.623,"1.490,19","19,88",Limoeiro-do-Ajuru
2022,29.569,"1.490,19","19,84",Limoeiro-do-Ajuru
2023,31.348,"1.489,36","21,05",Limoeiro-do-Ajuru
2024,31.778,"1.489,36","21,34",Limoeiro-do-Ajuru
2000,27.646,"3.269,50","8,45",Sao-Geraldo-do-Araguaia
2001,27.573,"3.269,50","8,43",Sao-Geraldo-do-Araguaia
2002,27.531,"3.269,50","8,42",Sao-Geraldo-do-Araguaia
2003,27.477,"3.269,50","8,40",Sao-Geraldo-do-Araguaia
2004,27.356,"3.269,50","8,37",Sao-Geraldo-do-Araguaia
2005,27.303,"3.269,50","8,35",Sao-Geraldo-do-Araguaia
2006,27.242,"3.269,50","8,33",Sao-Geraldo-do-Araguaia
2007,24.872,"3.269,50","7,61",Sao-Geraldo-do-Araguaia
2008,25.291,"3.269,50","7,74",Sao-Geraldo-do-Araguaia
2009,25.027,"3.269,50","7,65",Sao-Geraldo-do-Araguaia
2010,25.587,"3.168,37","8,08",Sao-Geraldo-do-Araguaia
2011,25.429,"3.168,37","8,03",Sao-Geraldo-do-Araguaia
2012,25.277,"3.168,40","7,98",Sao-Geraldo-do-Araguaia
2013,25.056,"3.168,40","7,91",Sao-Geraldo-do-Araguaia
2014,24.828,"3.269,50","7,59",Sao-Geraldo-do-Araguaia
2015,24.607,"3.269,50","7,53",Sao-Geraldo-do-Araguaia
2016,24.394,"3.168,38","7,70",Sao-Geraldo-do-Araguaia
2017,24.188,"3.168,38","7,63",Sao-Geraldo-do-Araguaia
2018,24.991,"3.168,38","7,89",Sao-Geraldo-do-Araguaia
2019,24.847,"3.168,38","7,84",Sao-Geraldo-do-Araguaia
2020,24.705,"3.168,38","7,80",Sao-Geraldo-do-Araguaia
2021,24.566,"3.168,38","7,75",Sao-Geraldo-do-Araguaia
2022,24.255,"3.168,38","7,66",Sao-Geraldo-do-Araguaia
2023,25.22,"3.168,39","7,96",Sao-Geraldo-do-Araguaia
2024,24.978,"3.168,39","7,88",Sao-Geraldo-do-Araguaia
2000,52.941,"9.681,20","5,44",Moju
2001,54.484,"9.681,20","5,63",Moju
2002,55.583,"9.681,20","5,74",Moju
2003,56.81,"9.681,20","5,87",Moju
2004,59.592,"9.681,20","6,16",Moju
2005,60.809,"9.681,20","6,28",Moju
2006,62.223,"9.681,20","6,43",Moju
2007,63.821,"9.681,20","6,59",Moju
2008,67.195,"9.681,20","6,94",Moju
2009,68.6,"9.681,20","7,09",Moju
2010,70.018,"9.094,11","7,70",Moju
2011,71.329,"9.094,11","7,84",Moju
2012,72.597,"9.094,10","7,98",Moju
2013,74.768,"9.094,10","8,22",Moju
2014,76.096,"9.681,20","7,86",Moju
2015,77.385,"9.681,20","7,99",Moju
2016,78.629,"9.094,14","8,65",Moju
2017,79.825,"9.094,14","8,78",Moju
2018,80.988,"9.094,14","8,91",Moju
2019,82.094,"9.094,14","9,03",Moju
2020,83.182,"9.094,14","9,15",Moju
2021,84.251,"9.094,14","9,26",Moju
2022,84.094,"9.094,14","9,25",Moju
2023,89.474,"9.094,14","9,84",Moju
2024,90.795,"9.094,14","9,98",Moju
2000,19.4,"1.272,60","15,18",Santa-Luzia-do-Para
2001,19.468,"1.272,60","15,30",Santa-Luzia-do-Para
2002,19.519,1.272.60,"15,34",Santa-Luzia-do-Para
2003,19.574,"1.272,60","15,38",Santa-Luzia-do-Para
2004,19.7,"1.272,60","15,48",Santa-Luzia-do-Para
2005,19.755,"1.272,60","15,52",Santa-Luzia-do-Para
2006,19.818,"1.272,60","15,57",Santa-Luzia-do-Para
2007,18.123,"1.272,60","14,24",Santa-Luzia-do-Para
2008,18.523,"1.272,60","14,56",Santa-Luzia-do-Para
2009,18.417,"1.272,60","14,47",Santa-Luzia-do-Para
2010,19.424,"1.356,12","14,32",Santa-Luzia-do-Para
2011,19.426,"1.356,12","14,32",Santa-Luzia-do-Para
2012,19.428,"1.356,10","14,33",Santa-Luzia-do-Para
2013,19.455,"1.356,10","14,35",Santa-Luzia-do-Para
2014,19.418,"1.272,60","15,26",Santa-Luzia-do-Para
2015,19.383,"1.272,60","15,23",Santa-Luzia-do-Para
2016,19.348,"1.356,12","14,27",Santa-Luzia-do-Para
2017,19.316,"1.356,12","14,24",Santa-Luzia-do-Para
2018,19.852,"1.356,12","14,64",Santa-Luzia-do-Para
2019,19.848,"1.346,50","14,74",Santa-Luzia-do-Para
2020,19.843,"1.346,50","14,74",Santa-Luzia-do-Para
2021,19.839,"1.346,50","14,73",Santa-Luzia-do-Para
2022,20.37,"1.346,50","15,13",Santa-Luzia-do-Para
2023,21.189,"1.346,50","15,74",Santa-Luzia-do-Para
2024,21.217,"1.346,50","15,76",Santa-Luzia-do-Para
2000,33.957,"72.961,40","0,46",Almeirim
2001,34.002,"72.961,40","0,47",Almeirim
2002,34.065,"72.961,40","0,47",Almeirim
2003,34.116,"72.961,40","0,47",Almeirim
2004,34.23,"72.961,40","0,47",Almeirim
2005,34.28,"72.961,40","0,47",Almeirim
2006,34.338,"72.961,40","0,47",Almeirim
2007,30.903,"72.961,40","0,42",Almeirim
2008,31.475,"72.961,40","0,43",Almeirim
2009,31.192,"72.961,40","0,43",Almeirim
2010,33.614,"72.954,53","0,46",Almeirim
2011,33.588,"72.954,53","0,46",Almeirim
2012,33.563,"72.954,50","0,46",Almeirim
2013,33.562,"72.954,50","0,46",Almeirim
2014,33.466,"72.961,40","0,46",Almeirim
2015,33.372,"72.961,40","0,46",Almeirim
2016,33.282,"72.954,80","0,46",Almeirim
2017,33.195,"72.954,80","0,46",Almeirim
2018,34.142,"72.954,80","0,47",Almeirim
2019,34.109,"72.954,80","0,47",Almeirim
2020,34.076,"72.954,80","0,47",Almeirim
2021,34.044,"72.954,80","0,47",Almeirim
2022,34.28,"72.954,80","0,47",Almeirim
2023,36.343,"72.956,17","0,50",Almeirim
2024,36.334,"72.956,17","0,50",Almeirim
2000,15.595,"724,10","21,44",Sao-Caetano-de-Odivelas
2001,15.455,"724,10","21,34",Sao-Caetano-de-Odivelas
2002,15.314,"724,10","21,15",Sao-Caetano-de-Odivelas
2003,15.184,"724,10","20,97",Sao-Caetano-de-Odivelas
2004,14.888,"724,10","20,56",Sao-Caetano-de-Odivelas
2005,14.759,"724,10","20,38",Sao-Caetano-de-Odivelas
2006,14.604,"724,10","20,17",Sao-Caetano-de-Odivelas
2007,16.179,"724,10","22,34",Sao-Caetano-de-Odivelas
2008,16.757,"724,10","23,14",Sao-Caetano-de-Odivelas
2009,16.862,"724,10","23,29",Sao-Caetano-de-Odivelas
2010,16.891,"743,45","22,72",Sao-Caetano-de-Odivelas
2011,16.99,"743,45","22,85",Sao-Caetano-de-Odivelas
2012,17.087,"743,50","22,98",Sao-Caetano-de-Odivelas
2013,17.266,"743,50","23,22",Sao-Caetano-de-Odivelas
2014,17.344,"724,10","23,95",Sao-Caetano-de-Odivelas
2015,17.42,"724,10","24,06",Sao-Caetano-de-Odivelas
2016,17.492,"743,47","23,53",Sao-Caetano-de-Odivelas
2017,17.563,"743,47","23,62",Sao-Caetano-de-Odivelas
2018,17.97,"464,47","38,71",Sao-Caetano-de-Odivelas
2019,18.05,"464,47","38,89",Sao-Caetano-de-Odivelas
2020,18.129,"464,47","39,06",Sao-Caetano-de-Odivelas
2021,18.207,"464,17","39,23",Sao-Caetano-de-Odivelas
2022,16.666,"464,17","35,91",Sao-Caetano-de-Odivelas
2023,17.282,"464,17","37,23",Sao-Caetano-de-Odivelas
2024,17.248,"464,17","37,16",Sao-Caetano-de-Odivelas
2000,49.769,"2.714,90","18,25",Capitao-Poco
2001,50.31,"2.714,90","18,53",Capitao-Poco
2002,50.677,"2.714,90","18,67",Capitao-Poco
2003,51.099,"2.714,90","18,82",Capitao-Poco
2004,52.055,"2.714,90","19,17",Capitao-Poco
2005,52.474,"2.714,90","19,33",Capitao-Poco
2006,52.958,"2.714,90","19,51",Capitao-Poco
2007,50.839,"2.714,90","18,73",Capitao-Poco
2008,52.557,"2.714,90","19,36",Capitao-Poco
2009,52.797,"2,714,90","19,45",Capitao-Poco
2010,51.893,"2.899,54","17,90",Capitao-Poco
2011,52.056,"2.899,54","17,95",Capitao-Poco
2012,52.214,"2.899,50","18,01",Capitao-Poco
2013,52.537,"2.899,50","18,12",Capitao-Poco
2014,52.616,"2.714,90","19,38",Capitao-Poco
2015,52.693,"2.714,90","19,41",Capitao-Poco
2016,52.768,"2.899,55","18,20",Capitao-Poco
2017,52.839,"2.899,55","18,22",Capitao-Poco
2018,54.179,"2.899,55","18,69",Capitao-Poco
2019,54.303,"2.901,03","18,72",Capitao-Poco
2020,54.425,"2.901,03","18,76",Capitao-Poco
2021,54.545,"2.901,03","18,80",Capitao-Poco
2022,56.506,"2.901,03","19,48",Capitao-Poco
2023,59.606,"2.901,03","20,55",Capitao-Poco
2024,59.96,"2.901,03","20,67",Capitao-Poco
2000,10.037,"11.767,70","0,85",Faro
2001,10.77,"11.767,70","0,92",Faro
2002,11.462,"11.767,70","0,97",Faro
2003,12.123,"11.767,70","1,03",Faro
2004,13.624,"11.767,70","1,16",Faro
2005,14.28,"11.767,70","1,21",Faro
2006,15.043,"11.767,70","1,28",Faro
2007,17.253,"11.767,70","1,47",Faro
2008,18.71,"11.767,70","1,59",Faro
2009,19.585,"11.767,70","1,66",Faro
2010,8.177,"11.770,60","0,69",Faro
2011,8.034,"11.770,60","0,68",Faro
2012,7.897,"11.770,60","0,67",Faro
2013,7.68,"11.770,60","0,65",Faro
2014,7.504,"11.767,70","0,64",Faro
2015,7.333,"11.767,70","0,62",Faro
2016,7.168,"11.770,63","0,61",Faro
2017,7.009,"11.770,63","0,60",Faro
2018,7.319,"11.770,67","0,62",Faro
2019,7.194,"11.770,67","0,61",Faro
2020,7.07,"11.770,67","0,60",Faro
2021,6.949,"11.771,67","0,59",Faro
2022,8.728,"11.771,67","0,74",Faro
2023,9.07,"11.771,67","0,77",Faro
2024,9.125,"11.771,67","0,78",Faro
2000,35.22,"3.779,70","9,26",Xinguara
2001,34.03,"3.779,70","9,00",Xinguara
2002,33.622,"3.779,70","8,90",Xinguara
2003,32.88,"3.779,70","8,70",Xinguara
2004,31.198,"3.779,70","8,25",Xinguara
2005,30.462,"3.779,70","8,06",Xinguara
2006,29.606,"3.779,70","7,83",Xinguara
2007,38.457,"3.779,70","10,17",Xinguara
2008,40.067,"3.779,70","10,60",Xinguara
2009,40.529,"3.779,70","10,72",Xinguara
2010,40.573,"3.779,35","10,74",Xinguara
2011,40.984,"3.779,35","10,84",Xinguara
2012,41.382,"3.779,30","10,95",Xinguara
2013,42.085,"3.779,30","11,14",Xinguara
2014,42.465,"3.779,70","11,24",Xinguara
2015,42.833,"3.779,70","11,33",Xinguara
2016,43.188,"3.779,36","11,43",Xinguara
2017,43.53,"3.779,35","11,52",Xinguara
2018,44.41,"3.779,35","11,75",Xinguara
2019,44.751,"3.779,35","11,84",Xinguara
2020,45.086,"3.779,35","11,93",Xinguara
2021,45.416,"3.779,35","12,02",Xinguara
2022,52.893,"3.779,35","14,00",Xinguara
2023,55.913,"3.779,35",,Xinguara
2024,56.999,"3.779,35",,Xinguara
2000,46.49,"26.706,00","1,73",Obidos
2001,47.0,"26.706,00","1,76",Obidos
2002,47.37,"26.706,00","1,77",Obidos
2003,47.779,"26.706,00","1,79",Obidos
2004,48.705,"26.706,00","1,82",Obidos
2005,49.111,"26.706,00","1,84",Obidos
2006,49.582,"26.706,00","1,86",Obidos
2007,46.793,"26.706,00","1,75",Obidos
2008,48.287,"26.706,00","1,81",Obidos
2009,48.429,"26.706,00","1,81",Obidos
2010,49.333,"28.021,34","1,76",Obidos
2011,49.551,"28.021,34","1,77",Obidos
2012,49.763,"28.021,30","1,78",Obidos
2013,50.171,"28.021,30","1,79",Obidos
2014,50.317,"26.706,00","1,88",Obidos
2015,50.459,"26.706,00","1,89",Obidos
2016,50.596,"28.021,44","1,81",Obidos
2017,50.727,"28.021,44","1,81",Obidos
2018,51.964,"28.021,44","1,85",Obidos
2019,52.137,"28.011,04","1,86",Obidos
2020,52.306,"28.011,04","1,87",Obidos
2021,52.473,"28.011,04","1,87",Obidos
2022,52.229,"28.011,04","1,86",Obidos
2023,55.106,"28.010,00","1,97",Obidos
2024,55.271,"28.010,00","1,97",Obidos
2000,30.518,"1.378,00","22,05",Irituia
2001,30.423,"1.378,00","22,08",Irituia
2002,30.393,"1.378,00","22,06",Irituia
2003,30.336,"1.378,00","22,01",Irituia
2004,30.204,"1.378,00","21,92",Irituia
2005,30.147,"1.378,00","21,88",Irituia
2006,30.082,"1.378,00","21,83",Irituia
2007,29.746,"1.378,00","21,59",Irituia
2008,30.573,"1.378,00","22,19",Irituia
2009,30.552,"1.378,00","22,17",Irituia
2010,31.364,"1.379,36","22,74",Irituia
2011,31.429,"1.379,36","22,79",Irituia
2012,31.492,"1.379,40","22,83",Irituia
2013,31.634,"1.379,40","22,93",Irituia
2014,31.644,"1.378,00","22,96",Irituia
2015,31.654,"1.378,00","22,97",Irituia
2016,31.664,"1.379,36","22,96",Irituia
2017,31.673,"1.379,36","22,96",Irituia
2018,32.504,"1.379,36","23,56",Irituia
2019,32.55,"1.385,21","23,50",Irituia
2020,32.595,"1.385,21","23,53",Irituia
2021,32.639,"1.385,21","23,56",Irituia
2022,30.955,"1.385,21","22,35",Irituia
2023,32.775,"1.385,21","23,66",Irituia
2024,32.698,"1.385,21","23,61",Irituia
2000,27.405,"1.684,40","16,20",Sao-Domingos-do-Capim
2001,28.213,"1.684,40","16,75",Sao-Domingos-do-Capim
2002,28.779,"1.684,40","17,09",Sao-Domingos-do-Capim
2003,29.416,"1.684,40","17,46",Sao-Domingos-do-Capim
2004,30.863,"1.684,40","18,32",Sao-Domingos-do-Capim
2005,31.495,"1.684,40","18,70",Sao-Domingos-do-Capim
2006,32.23,"1.684,40","19,13",Sao-Domingos-do-Capim
2007,27.094,"1.684,40","16,09",Sao-Domingos-do-Capim
2008,27.897,"1.684,40","16,56",Sao-Domingos-do-Capim
2009,27.923,"1.684,40","16,58",Sao-Domingos-do-Capim
2010,29.846,"1.677,25","17,79",Sao-Domingos-do-Capim
2011,30.033,"1.677,25","17,91",Sao-Domingos-do-Capim
2012,30.215,"1.677,30","18,01",Sao-Domingos-do-Capim
2013,30.55,"1.677,30","18,21",Sao-Domingos-do-Capim
2014,30.701,"1.684,40","18,23",Sao-Domingos-do-Capim
2015,30.847,"1.684,40","18,31",Sao-Domingos-do-Capim
2016,30.987,"1.677,25","18,47",Sao-Domingos-do-Capim
2017,31.123,"1.677,25","18,56",Sao-Domingos-do-Capim
2018,31.837,"1.677,25","18,98",Sao-Domingos-do-Capim
2019,31.989,"1.686,77","18,96",Sao-Domingos-do-Capim
2020,32.139,"1.686,77","19,05",Sao-Domingos-do-Capim
2021,32.285,"1.686,77","19,14",Sao-Domingos-do-Capim
2022,30.599,"1.686,77","18,14",Sao-Domingos-do-Capim
2023,32.472,"1.686,77","19,25",Sao-Domingos-do-Capim
2024,32.449,"1.686,77","19,24",Sao-Domingos-do-Capim
2000,97.624,"3.108,20","31,77",Cameta
2001,99.016,"3.108,20","31,86",Cameta
2002,100.241,"3.108,20","32,25",Cameta
2003,101.455,"3.108,20","32,64",Cameta
2004,104.21,"3.108,20","33,53",Cameta
2005,105.416,"3.108,20","33,92",Cameta
2006,106.816,"3.108,20","34,37",Cameta
2007,110.323,"3.108,20","35,49",Cameta
2008,115.377,"3.108,20","37,12",Cameta
2009,117.099,"3.108,20",37.67,Cameta
2010,120.896,"3.081,35","39,23",Cameta
2011,122.682,"3.081,35","39,81",Cameta
2012,124.411,"3.081,40","40,37",Cameta
2013,127.401,"3.081,40","41,35",Cameta
2014,129.161,"3.108,20","41,55",Cameta
2015,130.868,"3.108,20","42,10",Cameta
2016,132.515,"3.081,37","43,01",Cameta
2017,134.1,"3.081,37","43,52",Cameta
2018,136.39,"3.081,37","44,26",Cameta
2019,137.89,"3.081,37","44,75",Cameta
2020,139.364,"3.081,37","45,23",Cameta
2021,140.814,"3.081,37","45,70",Cameta
2022,134.184,"3.081,37","43,55",Cameta
2023,142.692,"3.082,19","46,30",Cameta
2024,143.837,"3.082,19","46,67",Cameta
2000,25.138,"5.261,80","4,76",Ipixuna-do-Para
2001,27.08,"5.261,80","5,15",Ipixuna-do-Para
2002,28.473,"5.261,80",5.41,Ipixuna-do-Para
2003,30.02,"5.261,80","5,71",Ipixuna-do-Para
2004,33.531,"5.261,80","6,37",Ipixuna-do-Para
2005,35.067,"5.261,80","6,66",Ipixuna-do-Para
2006,36.85,"5.261,80","7,00",Ipixuna-do-Para
2007,39.563,"5.261,80","7,52",Ipixuna-do-Para
2008,42.636,"5.261,80","8,10",Ipixuna-do-Para
2009,44.396,"5.261,80",8.44,Ipixuna-do-Para
2010,51.309,"5.215,53","9,84",Ipixuna-do-Para
2011,53.318,"5.215,53","10,22",Ipixuna-do-Para
2012,51.569,"5.215,50","9,89",Ipixuna-do-Para
2013,54.609,"5.215,50","10,47",Ipixuna-do-Para
2014,56.613,"5.261,80","10,76",Ipixuna-do-Para
2015,58.558,"5.261,80","11,13",Ipixuna-do-Para
2016,60.433,"5.215,56","11,59",Ipixuna-do-Para
2017,62.237,"5.215,56","11,93",Ipixuna-do-Para
2018,62.455,"5.215,56","11,97",Ipixuna-do-Para
2019,64.053,"5.215,56","12,28",Ipixuna-do-Para
2020,65.625,"5.215,56","12,58",Ipixuna-do-Para
2021,67.17,"5.215,56","12,88",Ipixuna-do-Para
2022,30.329,"5.215,56","5,82",Ipixuna-do-Para
2023,31.06,"5.215,56","5,96",Ipixuna-do-Para
2024,30.158,"5.215,56","5,78",Ipixuna-do-Para
2000,17.35,"13.085,30","1,32",Chaves
2001,17.593,"13.085,30","1,34",Chaves
2002,17.339,"13.085,30","1,33",Chaves
2003,17.335,"13.085,30","1,32",Chaves
2004,17.324,"13.085,30","1,32",Chaves
2005,17.319,"13.085,30","1,32",Chaves
2006,17.313,"13.085,30","1,32",Chaves
2007,19.368,"13.085,30","1,48",Chaves
2008,20.228,"13.085,30","1,55",Chaves
2009,20.506,"13.085,30","1,57",Chaves
2010,21.005,"13.084,90","1,61",Chaves
2011,21.286,"13.084,90","1,63",Chaves
2012,21.557,"13.084,90","1,65",Chaves
2013,22.029,"13.084,90","1,68",Chaves
2014,22.302,"13.085,30","1,70",Chaves
2015,22.566,"13.085,30","1,72",Chaves
2016,22.821,"13.084,76","1,74",Chaves
2017,23.066,"13.084,76","1,76",Chaves
2018,23.482,"12.535,00","1,87",Chaves
2019,23.717,"12.535,00","1,89",Chaves
2020,23.948,"12.535,00","1,91",Chaves
2021,24.175,"12.535,00","1,93",Chaves
2022,20.757,"12.535,00","1,66",Chaves
2023,21.497,"12.535,00","1,71",Chaves
2024,21.487,"12.535,00","1,71",Chaves
2000,23.545,"17.423,10","1,35",Porto-de-Moz
2001,23.381,"17.423,10","1,34",Porto-de-Moz
2002,25.351,"17.423,10","1,46",Porto-de-Moz
2003,26.189,"17.423,10","1,50",Porto-de-Moz
2004,28.091,"17.423,10","1,61",Porto-de-Moz
2005,28.923,"17.423,10",1.66,Porto-de-Moz
2006,29.89,"17.423,10","1,72",Porto-de-Moz
2007,26.489,"17.423,10","1,52",Porto-de-Moz
2008,27.689,"17.423,10","1,59",Porto-de-Moz
2009,28.091,"17.423,10","1,61",Porto-de-Moz
2010,33.956,"17.423,23","1,95",Porto-de-Moz
2011,34.755,"17.423,23","1,99",Porto-de-Moz
2012,35.529,"17.423,20","2,04",Porto-de-Moz
2013,36.841,"17.423,20","2,11",Porto-de-Moz
2014,37.669,"17.423,10","2,16",Porto-de-Moz
2015,38.471,"17.423,10","2,21",Porto-de-Moz
2016,39.246,"17.423,02","2,25",Porto-de-Moz
2017,39.991,"17.423,02","2,30",Porto-de-Moz
2018,40.458,"17.423,02","2,32",Porto-de-Moz
2019,41.135,"17.423,02","2,36",Porto-de-Moz
2020,41.801,"17.423,02","2,40",Porto-de-Moz
2021,42.456,"17.423,02","2,44",Porto-de-Moz
2022,40.597,"17.423,02","2,33",Porto-de-Moz
2023,43.111,"17.422,33","2,47",Porto-de-Moz
2024,43.673,"17.422,33","2,51",Porto-de-Moz
2000,51.09,"4.958,70","10,26",Viseu
2001,51.462,"4.958,70","10,38",Viseu
2002,51.806,"4.958,70",10.45,Viseu
2003,52.139,"4.958,70","10,51",Viseu
2004,52.893,"4.958,70","10,67",Viseu
2005,53.223,"4.958,70","10,73",Viseu
2006,53.606,"4.958,70","10,81",Viseu
2007,53.217,"4.958,70","10,73",Viseu
2008,55.144,"4.958,70","11,12",Viseu
2009,55.512,"4.958,70","11,19",Viseu
2010,56.716,"4.915,05","11,54",Viseu
2011,57.148,"4.915,05","11,63",Viseu
2012,57.566,"4.915,00","11,71",Viseu
2013,58.323,"4.915,00","11,87",Viseu
2014,58.694,"4.958,70","11,84",Viseu
2015,59.054,"4.958,70","11,91",Viseu
2016,59.401,"4.915,07","12,09",Viseu
2017,59.735,"4.915,07","12,15",Viseu
2018,61.049,"4.939,25","12,36",Viseu
2019,61.403,"4.972,90","12,35",Viseu
2020,61.751,"4.972,90","12,42",Viseu
2021,62.093,"4.972,90","12,49",Viseu
2022,58.692,"4.972,90","11,80",Viseu
2023,61.962,"4.972,94","12,46",Viseu
2024,61.97,"4.972,94","12,46",Viseu
2000,38.043,"25.385,10","1,49",Portel
2001,39.018,"25.385,10","1,54",Portel
2002,39.851,"25.385,10","1,57",Portel
2003,40.69,"25.385,10","1,60",Portel
2004,42.593,"25.385,10","1,68",Portel
2005,43.425,"25.385,10","1,71",Portel
2006,44.393,"25.385,10","1,75",Portel
2007,45.586,"25.385,10","1,80",Portel
2008,47.967,"25.385,10","1,89",Portel
2009,48.945,"25.385,10","1,93",Portel
2010,52.172,"25.384,87","2,06",Portel
2011,53.256,"25.384,87","2,10",Portel
2012,54.306,"25.384,90","2,14",Portel
2013,56.094,"25.384,90","2,21",Portel
2014,57.205,"25.385,10","2,25",Portel
2015,58.282,"25.385,10","2,30",Portel
2016,59.322,"25.384,96","2,34",Portel
2017,60.322,"25.384,96","2,38",Portel
2018,61.126,"25.384,96","2,41",Portel
2019,62.043,"25.384,96","2,44",Portel
2020,62.945,"25.384,96","2,48",Portel
2021,63.831,"25.384,96","2,51",Portel
2022,62.503,"25.384,96","2,46",Portel
2023,65.959,25.386,"2,60",Portel
2024,66.898,25.386,"2,64",Portel
2000,10.905,"324,10","33,90",Quatipuru
2001,11.097,"324,10","34,24",Quatipuru
2002,11.27,"324,10","34,77",Quatipuru
2003,11.44,"324,10","35,30",Quatipuru
2004,11.825,"324,10","36,49",Quatipuru
2005,11.993,"324,10","37,00",Quatipuru
2006,12.188,"324,10","37,61",Quatipuru
2007,12.62,"324,10","38,94",Quatipuru
2008,13.232,"324,10","40,83",Quatipuru
2009,13.459,"324,10","41,53",Quatipuru
2010,12.411,"324,25","38,28",Quatipuru
2011,12.527,"324,25","38,63",Quatipuru
2012,12.639,"324,30","38,97",Quatipuru
2013,12.838,"324,30","39,59",Quatipuru
2014,12.943,"324,10","39,94",Quatipuru
2015,13.044,"324,10","40,25",Quatipuru
2016,13.142,"326,11","40,30",Quatipuru
2017,13.237,"326,11","40,59",Quatipuru
2018,13.512,"289,62","46,65",Quatipuru
2019,13.608,"302,94","44,92",Quatipuru
2020,13.702,"302,94","45,23",Quatipuru
2021,13.794,"302,94","45,53",Quatipuru
2022,11.524,"302,94","38,04",Quatipuru
2023,11.953,"302,59","39,50",Quatipuru
2024,11.87,"302,59","39,23",Quatipuru
2000,17.498,"4.114,80","4,15",Rio-Maria
2001,15.931,"4.114,80","3,87",Rio-Maria
2002,15.596,"4.114,80","3,79",Rio-Maria
2003,14.714,"4.114,80","3,58",Rio-Maria
2004,12.712,"4.114,80","3,09",Rio-Maria
2005,11.836,"4.114,80","2,88",Rio-Maria
2006,10.818,"4.114,80","2,63",Rio-Maria
2007,16.993,"4.114,80","4,13",Rio-Maria
2008,17.457,"4.114,80","4,24",Rio-Maria
2009,17.437,"4.114,80","4,24",Rio-Maria
2010,17.697,"4.114,60","4,30",Rio-Maria
2011,17.712,"4.114,60","4,30",Rio-Maria
2012,17.728,"4.114,60","4,31",Rio-Maria
2013,17.774,"4.114,60","4,32",Rio-Maria
2014,17.755,"4.114,80","4,31",Rio-Maria
2015,17.738,"4.114,80","4,31",Rio-Maria
2016,17.721,"4.114,61","4,31",Rio-Maria
2017,17.705,"4.114,63","4,30",Rio-Maria
2018,18.186,"4.114,63","4,42",Rio-Maria
2019,18.193,"4.114,63","4,42",Rio-Maria
2020,18.201,"4.114,63","4,42",Rio-Maria
2021,18.208,"4.114,63","4,43",Rio-Maria
2022,18.384,"4.114,63","4,47",Rio-Maria
2023,19.148,"4.114,63","4,65",Rio-Maria
2024,19.129,"4.114,63","4,65",Rio-Maria
2000,40.176,"557,10","71,79",Vigia
2001,41.727,"557,10","74,90",Vigia
2002,40.756,"557,10","73,16",Vigia
2003,41.026,"557,10","73,64",Vigia
2004,41.637,"557,10","74,74",Vigia
2005,41.904,"557,10","75,22",Vigia
2006,42.213,"557,10","75,77",Vigia
2007,43.847,"557,10","78,71",Vigia
2008,45.68,"557,10","82,00",Vigia
2009,46.205,"557,10","82,94",Vigia
2010,47.889,"539,08","88,84",Vigia
2011,48.481,"539,08","89,93",Vigia
2012,49.054,"539,10","90,99",Vigia
2013,50.055,"539,10","92,85",Vigia
2014,50.622,"557,10","90,87",Vigia
2015,51.173,"557,10","91,86",Vigia
2016,51.705,"539,08","95,91",Vigia
2017,52.216,"539,08","96,86",Vigia
2018,53.191,"401,59","132,45",Vigia
2019,53.686,"401,59","133,68",Vigia
2020,54.172,"401,59","134,89",Vigia
2021,54.65,"401,59","136,08",Vigia
2022,50.832,"401,59","126,58",Vigia
2023,53.609,"401,59","133,49",Vigia
2024,53.806,"401,59","133,98",Vigia
2000,7.464,"1.157,30","6,42",Brejo-Grande-do-Araguaia
2001,7.589,"1.157,30","6,56",Brejo-Grande-do-Araguaia
2002,7.686,"1.157,30","6,64",Brejo-Grande-do-Araguaia
2003,7.789,"1.157,30","6,73",Brejo-Grande-do-Araguaia
2004,8.022,"1.157,30","6,93",Brejo-Grande-do-Araguaia
2005,8.124,"1.157,30","7,02",Brejo-Grande-do-Araguaia
2006,8.243,"1.157,30","7,12",Brejo-Grande-do-Araguaia
2007,7.444,"1.157,30","6,43",Brejo-Grande-do-Araguaia
2008,7.673,"1.157,30","6,63",Brejo-Grande-do-Araguaia
2009,7.688,"1.157,30","6,64",Brejo-Grande-do-Araguaia
2010,7.317,"1.288,47","5,68",Brejo-Grande-do-Araguaia
2011,7.306,"1.288,47","5,67",Brejo-Grande-do-Araguaia
2012,7.295,"1.288,50","5,66",Brejo-Grande-do-Araguaia
2013,7.285,"1.288,50","5,65",Brejo-Grande-do-Araguaia
2014,7.258,"1.157,30","6,27",Brejo-Grande-do-Araguaia
2015,7.232,"1.157,30","6,25",Brejo-Grande-do-Araguaia
2016,7.206,"1.288,48","5,59",Brejo-Grande-do-Araguaia
2017,7.182,"1.288,48","5,57",Brejo-Grande-do-Araguaia
2018,7.392,"1.288,48","5,74",Brejo-Grande-do-Araguaia
2019,7.38,"1.288,48","5,73",Brejo-Grande-do-Araguaia
2020,7.368,"1.288,48","5,72",Brejo-Grande-do-Araguaia
2021,7.357,"1.288,48","5,71",Brejo-Grande-do-Araguaia
2022,6.783,"1.288,48","5,26",Brejo-Grande-do-Araguaia
2023,7.051,"1.288,47","5,47",Brejo-Grande-do-Araguaia
2024,6.985,"1.288,47","5,42",Brejo-Grande-do-Araguaia
2000,18.694,"3.365,20","5,53",Ponta-de-Pedras
2001,18.966,"3.365,20","5,64",Ponta-de-Pedras
2002,19.156,"3.365,20","5,69",Ponta-de-Pedras
2003,19.37,"3.365,20","5,76",Ponta-de-Pedras
2004,19.856,"3.365,20","5,90",Ponta-de-Pedras
2005,20.069,"3.365,20","5,96",Ponta-de-Pedras
2006,20.316,"3.365,20","6,04",Ponta-de-Pedras
2007,24.276,"3.365,20","7,21",Ponta-de-Pedras
2008,25.743,"3.365,20","7,65",Ponta-de-Pedras
2009,26.445,"3.365,20","7,86",Ponta-de-Pedras
2010,25.999,"3.365,13","7,73",Ponta-de-Pedras
2011,26.56,"3.365,13","7,89",Ponta-de-Pedras
2012,27.103,"3.365,10","8,05",Ponta-de-Pedras
2013,28.025,"3.365,10","8,33",Ponta-de-Pedras
2014,28.601,"3.365,20","8,50",Ponta-de-Pedras
2015,29.16,"3.365,20","8,67",Ponta-de-Pedras
2016,29.7,"3.363,75","8,83",Ponta-de-Pedras
2017,30.219,"3.363,75","8,98",Ponta-de-Pedras
2018,30.608,"3.363,75","9,10",Ponta-de-Pedras
2019,31.082,"3.363,75","9,24",Ponta-de-Pedras
2020,31.549,"3.363,75","9,38",Ponta-de-Pedras
2021,32.007,"3.363,75","9,52",Ponta-de-Pedras
2022,24.984,"3.363,75","7,43",Ponta-de-Pedras
2023,25.902,3.364,"7,70",Ponta-de-Pedras
2024,25.767,3.364,"7,66",Ponta-de-Pedras
2000,52.604,"2.000,70","26,18",Igarape-Miri
2001,53.92,"2.000,70","26,95",Igarape-Miri
2002,54.868,"2.000,70","27,42",Igarape-Miri
2003,55.919,"2.000,70","27,95",Igarape-Miri
2004,58.303,"2.000,70","29,14",Igarape-Miri
2005,59.346,"2.000,70","29,66",Igarape-Miri
2006,60.557,"2.000,70","30,27",Igarape-Miri
2007,54.673,"2.000,70","27,33",Igarape-Miri
2008,56.639,"2.000,70","28,31",Igarape-Miri
2009,57.003,"2.000,70",28.49,Igarape-Miri
2010,58.077,"1.996,84","29,08",Igarape-Miri
2011,58.497,"1.996,84","29,29",Igarape-Miri
2012,58.904,"1.996,80","29,50",Igarape-Miri
2013,59.644,"1.996,80","29,87",Igarape-Miri
2014,59.998,"2.000,70","29,99",Igarape-Miri
2015,60.343,"2.000,70","30,16",Igarape-Miri
2016,60.675,"1.996,79","30,39",Igarape-Miri
2017,60.994,"1.996,79","30,55",Igarape-Miri
2018,62.355,"1.996,79","31,23",Igarape-Miri
2019,62.698,"1.996,79","31,40",Igarape-Miri
2020,63.036,"1.996,79","31,57",Igarape-Miri
2021,63.367,"1.996,79","31,73",Igarape-Miri
2022,64.831,"1.996,79","32,47",Igarape-Miri
2023,68.444,"1.996,80","34,28",Igarape-Miri
2024,68.955,"1.996,80","34,53",Igarape-Miri
2000,168.02,"15.092,30","11,08",Maraba
2001,173.301,"15.092,30","11,48",Maraba
2002,177.352,"15.092,30","11,75",Maraba
2003,181.683,"15.092,30","12,04",Maraba
2004,191.508,"15.092,30","12,69",Maraba
2005,195.807,"15.092,30","12,97",Maraba
2006,200.801,"15.092,30","13,30",Maraba
2007,196.468,"15.092,30","13,02",Maraba
2008,199.946,"15.092,30","13,25",Maraba
2009,203.049,"15.092,30","13,45",Maraba
2010,233.669,"15.128,37","15,45",Maraba
2011,238.708,"15.128,37","15,78",Maraba
2012,243.583,"15.128,40","16,10",Maraba
2013,251.885,"15.128,40","16,65",Maraba
2014,257.062,"15.092,30","17,03",Maraba
2015,262.085,"15.092,30","17,37",Maraba
2016,266.932,"15.128,06","17,64",Maraba
2017,271.594,"15.128,06","17,95",Maraba
2018,275.086,"15.128,06","18,18",Maraba
2019,279.349,"15.128,06","18,47",Maraba
2020,283.542,"15.128,06","18,74",Maraba
2021,287.664,"15.128,06","19,02",Maraba
2022,266.533,"15.128,06","17,62",Maraba
2023,286.445,"15.127,87","18,93",Maraba
2024,288.513,"15.127,87","19,07",Maraba
2000,22.743,"768,40","29,46",Tracuateua
2001,23.482,"768,40","30,56",Tracuateua
2002,23.98,"768,40","31,21",Tracuateua
2003,24.555,"768,40","31,96",Tracuateua
2004,25.857,"768,40","33,65",Tracuateua
2005,26.427,"768,40","34,39",Tracuateua
2006,27.089,"768,40","35,25",Tracuateua
2007,26.129,"768,40","34,00",Tracuateua
2008,27.374,"768,40","35,62",Tracuateua
2009,27.825,"768,40","36,21",Tracuateua
2010,27.455,"936,13","29,33",Tracuateua
2011,27.817,"936,13","29,72",Tracuateua
2012,28.167,"936,10","30,09",Tracuateua
2013,28.775,"936,10","30,74",Tracuateua
2014,29.125,"768,40","37,90",Tracuateua
2015,29.465,"768,40","38,35",Tracuateua
2016,29.793,"934,27","31,89",Tracuateua
2017,30.108,"934,27","32,23",Tracuateua
2018,30.656,"869,00","35,28",Tracuateua
2019,30.959,"868,03","35,67",Tracuateua
2020,31.257,"868,03","36,01",Tracuateua
2021,31.549,"868,03","36,35",Tracuateua
2022,28.595,"868,03","32,94",Tracuateua
2023,30.329,"868,03","34,94",Tracuateua
2024,30.373,"868,03","34,99",Tracuateua
2000,5.255,"1.074,70","4,87",Santa-Cruz-do-Arari
2001,5.324,"1.074,70","4,95",Santa-Cruz-do-Arari
2002,5.356,"1.074,70","4,98",Santa-Cruz-do-Arari
2003,5.403,"1.074,70","5,03",Santa-Cruz-do-Arari
2004,5.51,"1.074,70","5,13",Santa-Cruz-do-Arari
2005,5.556,"1.074,70","5,17",Santa-Cruz-do-Arari
2006,5.611,"1.074,70","5,22",Santa-Cruz-do-Arari
2007,5.921,"1.074,70","5,51",Santa-Cruz-do-Arari
2008,6.19,"1.074,70","5,76",Santa-Cruz-do-Arari
2009,6.28,"1.074,70","5,84",Santa-Cruz-do-Arari
2010,8.155,"1.075,15","7,58",Santa-Cruz-do-Arari
2011,8.378,"1.075,15","7,79",Santa-Cruz-do-Arari
2012,8.593,"1.075,20","7,99",Santa-Cruz-do-Arari
2013,8.957,"1.075,20","8,33",Santa-Cruz-do-Arari
2014,9.191,"1.074,70","8,55",Santa-Cruz-do-Arari
2015,9.417,"1.074,70","8,76",Santa-Cruz-do-Arari
2016,9.635,"1.076,65","8,95",Santa-Cruz-do-Arari
2017,9.845,"1.076,65","9,14",Santa-Cruz-do-Arari
2018,9.939,"1.076,65","9,23",Santa-Cruz-do-Arari
2019,10.128,"1.076,65","9,41",Santa-Cruz-do-Arari
2020,10.314,"1.076,65","9,58",Santa-Cruz-do-Arari
2021,10.496,"1.076,65","9,75",Santa-Cruz-do-Arari
2022,7.445,"1.076,65","6,91",Santa-Cruz-do-Arari
2023,7.699,1.077,"7,15",Santa-Cruz-do-Arari
2024,7.654,1.077,"7,11",Santa-Cruz-do-Arari
2000,8.261,"206,50","39,83",Terra-Alta
2001,8.575,"206,50","41,53",Terra-Alta
2002,8.889,"206,50","43,05",Terra-Alta
2003,9.181,"206,50","44,46",Terra-Alta
2004,9.842,"206,50","47,66",Terra-Alta
2005,10.132,"206,50","49,07",Terra-Alta
2006,10.467,"206,50","50,69",Terra-Alta
2007,9.861,"206,50","47,75",Terra-Alta
2008,10.372,"206,50","50,23",Terra-Alta
2009,10.58,"206,50","51,23",Terra-Alta
2010,10.262,"206,41","49,72",Terra-Alta
2011,10.416,"206,41","50,46",Terra-Alta
2012,10.565,"206,40","51,19",Terra-Alta
2013,10.822,"206,40","52,43",Terra-Alta
2014,10.973,"206,50","53,14",Terra-Alta
2015,11.12,"206,50","53,85",Terra-Alta
2016,11.262,"206,41","54,56",Terra-Alta
2017,11.399,"206,41","55,22",Terra-Alta
2018,11.591,"204,97","56,55",Terra-Alta
2019,11.72,"204,97","57,18",Terra-Alta
2020,11.847,"204,97","57,80",Terra-Alta
2021,11.971,"204,97","58,40",Terra-Alta
2022,10.4,"204,97","50,74",Terra-Alta
2023,10.816,"204,97","52,77",Terra-Alta
2024,10.815,"204,97","52,76",Terra-Alta
2000,43.386,"5.829,40","7,41",Conceicao-do-Araguaia
2001,43.626,"5.829,40","7,48",Conceicao-do-Araguaia
2002,43.668,"5.829,40","7,49",Conceicao-do-Araguaia
2003,43.798,"5.829,40","7,51",Conceicao-do-Araguaia
2004,44.095,"5.829,40","7,56",Conceicao-do-Araguaia
2005,44.224,"5.829,40","7,59",Conceicao-do-Araguaia
2006,44.375,"5.829,40","7,61",Conceicao-do-Araguaia
2007,45.267,"5.289,40","7,77",Conceicao-do-Araguaia
2008,46.916,"5.829,40","8,05",Conceicao-do-Araguaia
2009,47.237,"5.829,40","8,10",Conceicao-do-Araguaia
2010,45.557,"5.829,47","7,81",Conceicao-do-Araguaia
2011,45.724,"5.829,47","7,84",Conceicao-do-Araguaia
2012,45.885,"5.829,50","7,87",Conceicao-do-Araguaia
2013,46.206,"5.829,50","7,93",Conceicao-do-Araguaia
2014,46.302,"5.829,40","7,94",Conceicao-do-Araguaia
2015,46.395,"5.829,40","7,96",Conceicao-do-Araguaia
2016,46.485,"5.829,48","7,97",Conceicao-do-Araguaia
2017,46.571,"5.829,48","7,99",Conceicao-do-Araguaia
2018,47.734,"5.829,48","8,19",Conceicao-do-Araguaia
2019,47.864,"5.829,48","8,21",Conceicao-do-Araguaia
2020,47.991,"5.829,48","8,23",Conceicao-do-Araguaia
2021,48.115,"5.829,48","8,25",Conceicao-do-Araguaia
2022,44.617,"5.829,48","7,65",Conceicao-do-Araguaia
2023,47.3,"5.829,48","8,11",Conceicao-do-Araguaia
2024,47.099,"5.829,48","8,08",Conceicao-do-Araguaia
2000,39.87,"8.241,10","4,82",Rondon-do-Para
2001,40.924,"8.241,10","4,97",Rondon-do-Para
2002,41.703,"8.241,10","5,06",Rondon-do-Para
2003,42.554,"8.241,10","5,16",Rondon-do-Para
2004,44.485,"8.241,10","5,40",Rondon-do-Para
2005,45.329,"8.241,10","5,50",Rondon-do-Para
2006,46.311,"8.241,10","5,62",Rondon-do-Para
2007,45.016,"8.241,10","5,46",Rondon-do-Para
2008,47.074,"8.241,10","5,71",Rondon-do-Para
2009,47.772,"8.241,10","5,80",Rondon-do-Para
2010,46.964,"8.246,43","5,70",Rondon-do-Para
2011,47.509,"8.246,43","5,76",Rondon-do-Para
2012,48.036,"8.246,40","5,83",Rondon-do-Para
2013,48.959,"8.246,40","5,94",Rondon-do-Para
2014,49.476,"8.241,10","6,00",Rondon-do-Para
2015,49.977,"8.241,10","6,06",Rondon-do-Para
2016,50.46,"8.246,39","6,12",Rondon-do-Para
2017,50.925,"8.246,39","6,18",Rondon-do-Para
2018,51.903,"8.246,39","6,29",Rondon-do-Para
2019,52.357,"8.246,39","6,35",Rondon-do-Para
2020,52.803,"8.246,39","6,40",Rondon-do-Para
2021,53.242,"8.246,39","6,46",Rondon-do-Para
2022,53.143,"8.246,39","6,44",Rondon-do-Para
2023,56.339,"8.246,39","6,83",Rondon-do-Para
2024,56.593,"8.246,39","6,86",Rondon-do-Para
2000,93.779,"2.333,70","40,01",Braganca
2001,95.352,"2.333,70","40,86",Braganca
2002,96.618,"2.333,70","41,40",Braganca
2003,97.935,"2.333,70","41,97",Braganca
2004,100.924,"2.333,70","43,25",Braganca
2005,102.232,"2.333,70","43,81",Braganca
2006,103.749,"2.333,70","44,46",Braganca
2007,101.728,"2.333,70","43,59",Braganca
2008,105.908,"2.333,70","45,38",Braganca
2009,107.06,"2.333,70","45,88",Braganca
2010,113.227,"2.091,92","54,13",Braganca
2011,114.72,"2.091,92","54,84",Braganca
2012,116.164,"2.091,90","55,53",Braganca
2013,118.678,"2.091,90","56,73",Braganca
2014,120.124,"2.333,70","51,47",Braganca
2015,121.528,"2.333,70","52,08",Braganca
2016,122.881,"2.091,93","58,74",Braganca
2017,124.184,"2.091,93","59,36",Braganca
2018,126.436,"2.098,14","60,26",Braganca
2019,127.686,"2.124,73","60,10",Braganca
2020,128.914,"2.124,73","60,67",Braganca
2021,130.122,"2.124,73","61,24",Braganca
2022,123.082,"2.124,73","57,93",Braganca
2023,130.919,"2.124,74","61,62",Braganca
2024,131.679,"2.124,74","61,97",Braganca
2000,35.546,"176,90","200,03",Benevides
2001,37.025,"176,90","209,30",Benevides
2002,38.458,"176,90","217,40",Benevides
2003,39.809,"176,90","225,04",Benevides
2004,42.874,"176,90","242,36",Benevides
2005,44.216,"176,90","249,95",Benevides
2006,45.774,"176,90","258,76",Benevides
2007,43.282,"176,90","244,67",Benevides
2008,45.616,"176,90","257,86",Benevides
2009,46.611,"176,90","263,49",Benevides
2010,51.651,"187,83","275,00",Benevides
2011,52.887,"187,83","281,58",Benevides
2012,54.083,"187,80","287,98",Benevides
2013,56.112,"187,80","298,79",Benevides
2014,57.393,"176,90","324,44",Benevides
2015,58.637,"176,90","331,47",Benevides
2016,59.836,"187,83","318,57",Benevides
2017,60.99,"187,83","324,72",Benevides
2018,61.689,"187,83","328,44",Benevides
2019,62.737,"187,83","334,02",Benevides
2020,63.768,"187,83","339,51",Benevides
2021,64.78,"187,83","344,89",Benevides
2022,63.567,"187,83","338,44",Benevides
2023,67.159,"187,83","357,56",Benevides
2024,68.191,"187,83","363,05",Benevides
2000,23.098,"8.540,00","2,69",Gurupa
2001,23.589,"8.540,00","2,76",Gurupa
2002,23.967,"8.540,00","2,81",Gurupa
2003,24.37,"8.540,00","2,85",Gurupa
2004,25.285,"8.540,00","2,96",Gurupa
2005,25.685,"8.540,00","3,01",Gurupa
2006,26.15,"8.540,00","3,06",Gurupa
2007,24.384,"8.540,00","2,86",Gurupa
2008,25.306,"8.540,00","2,96",Gurupa
2009,25.511,"8.540,00","2,99",Gurupa
2010,29.062,"8.540,10","3,40",Gurupa
2011,29.52,"8.540,10","3,46",Gurupa
2012,29.963,"8.540,10","3,51",Gurupa
2013,30.727,"8.540,10","3,60",Gurupa
2014,31.182,"8.540,00","3,65",Gurupa
2015,31.623,"8.540,00","3,70",Gurupa
2016,32.049,"8.540,06","3,75",Gurupa
2017,32.458,"8.540,11","3,80",Gurupa
2018,32.991,"8.570,33","3,85",Gurupa
2019,33.376,"8.570,29","3,89",Gurupa
2020,33.755,"8.570,29","3,94",Gurupa
2021,34.127,"8.570,29","3,98",Gurupa
2022,31.786,"8.570,29","3,71",Gurupa
2023,33.687,8.570,"3,93",Gurupa
2024,33.922,8.570,"3,96",Gurupa
2000,15.518,"17.082,30","0,91",Aveiro
2001,16.119,"17.082,30","0,94",Aveiro
2002,16.495,"17.082,30","0,97",Aveiro
2003,16.948,"17.082,30","0,99",Aveiro
2004,17.976,"17.082,30","1,05",Aveiro
2005,18.426,"17.082,30","1,08",Aveiro
2006,18.949,"17.082,30","1,11",Aveiro
2007,18.83,"17.082,30","1,10",Aveiro
2008,19.839,"17.082,30","1,16",Aveiro
2009,20.266,"17.082,30","1,19",Aveiro
2010,15.849,17.073.79,"0,93",Aveiro
2011,15.874,"17.073,79","0,93",Aveiro
2012,15.899,"17.073,80","0,93",Aveiro
2013,15.959,"17.073,80","0,93",Aveiro
2014,15.956,"17.082,30","0,93",Aveiro
2015,15.953,"17.082,30","0,93",Aveiro
2016,15.95,"17.074,05","0,93",Aveiro
2017,15.947,"17.074,05","0,93",Aveiro
2018,16.371,"17.074,05","0,96",Aveiro
2019,16.388,"17.074,05","0,96",Aveiro
2020,16.404,"17.074,05","0,96",Aveiro
2021,16.421,"17.074,05","0,96",Aveiro
2022,18.29,"17.074,05","1,07",Aveiro
2023,19.014,"17.074,05","1,11",Aveiro
2024,19.223,"17.074,05","1,13",Aveiro
2000,73.798,"2.086,20","35,22",Tucurui
2001,76.026,"2.086,20","36,44",Tucurui
2002,77.728,"2.086,20","37,26",Tucurui
2003,79.551,"2.086,20","38,13",Tucurui
2004,83.689,"2.086,20","40,12",Tucurui
2005,85.499,"2.086,20","40,98",Tucurui
2006,87.602,"2.086,20","41,99",Tucurui
2007,89.264,"2.086,20","42,79",Tucurui
2008,94.015,"2.086,20","45,07",Tucurui
2009,96.01,"2.086,20","46,02",Tucurui
2010,97.128,"2.086,20","46,56",Tucurui
2011,98.919,"2.086,20","47,42",Tucurui
2012,100.651,"2.086,20","48,25",Tucurui
2013,103.619,"2.086,20","49,67",Tucurui
2014,105.431,"2.086,20","50,54",Tucurui
2015,107.189,"2.086,20","51,38",Tucurui
2016,108.885,"2.086,19","52,19",Tucurui
2017,110.516,"2.086,19","52,98",Tucurui
2018,112.148,"2.084,29","53,81",Tucurui
2019,113.659,"2.084,29","54,53",Tucurui
2020,115.144,"2.084,29","55,24",Tucurui
2021,116.605,"2.084,29","55,94",Tucurui
2022,91.306,"2.084,29","43,81",Tucurui
2023,97.217,"2.084,29","46,64",Tucurui
2024,96.238,"2.084,29","46,17",Tucurui
2000,29.608,"2.956,70","9,97",Eldorado-do-Carajas
2001,31.806,"2.956,70","10,76",Eldorado-do-Carajas
2002,33.424,"2.956,70","11,30",Eldorado-do-Carajas
2003,35.195,"2.956,70","11,90",Eldorado-do-Carajas
2004,39.213,"2.956,70","13,26",Eldorado-do-Carajas
2005,40.97,"2.956,70","13,86",Eldorado-do-Carajas
2006,43.013,"2.956,70","14,55",Eldorado-do-Carajas
2007,28.554,"2.956,70","9,66",Eldorado-do-Carajas
2008,29.308,"2.956,70","9,91",Eldorado-do-Carajas
2009,29.251,"2.956,70","9,89",Eldorado-do-Carajas
2010,31.786,"2.956,73","10,75",Eldorado-do-Carajas
2011,31.953,"2.956,73","10,81",Eldorado-do-Carajas
2012,32.115,"2.956,70","10,86",Eldorado-do-Carajas
2013,32.42,"2.956,70","10,96",Eldorado-do-Carajas
2014,32.544,"2.956,70","11,01",Eldorado-do-Carajas
2015,32.664,"2.956,70","11,05",Eldorado-do-Carajas
2016,32.78,"2.956,69","11,09",Eldorado-do-Carajas
2017,32.892,"2.956,69","11,12",Eldorado-do-Carajas
2018,33.674,"2.956,69","11,39",Eldorado-do-Carajas
2019,33.808,"2.956,69","11,43",Eldorado-do-Carajas
2020,33.94,"2.956,69","11,48",Eldorado-do-Carajas
2021,34.069,"2.956,69","11,52",Eldorado-do-Carajas
2022,28.192,"2.956,69","9,53",Eldorado-do-Carajas
2023,29.874,"2.956,69","10,10",Eldorado-do-Carajas
2024,29.425,"2.956,69","9,95",Eldorado-do-Carajas
2000,14.592,"1.900,50","7,64",Terra-Santa
2001,15.049,"1.900,50","7,92",Terra-Santa
2002,15.39,"1.900,50","8,10",Terra-Santa
2003,15.76,"1.900,50","8,29",Terra-Santa
2004,16.601,"1.900,50","8,74",Terra-Santa
2005,16.968,"1.900,50","8,93",Terra-Santa
2006,17.395,"1.900,50","9,15",Terra-Santa
2007,15.316,"1.900,50","8,06",Terra-Santa
2008,15.885,"1.900,50","8,36",Terra-Santa
2009,16.004,"1.900,50","8,42",Terra-Santa
2010,16.949,"1.896,50","8,94",Terra-Santa
2011,17.13,"1.896,50","9,03",Terra-Santa
2012,17.305,"1.896,50","9,12",Terra-Santa
2013,17.614,"1.896,50","9,29",Terra-Santa
2014,17.783,"1.900,50","9,36",Terra-Santa
2015,17.946,"1.900,50","9,44",Terra-Santa
2016,18.105,"1.896,51","9,55",Terra-Santa
2017,18.257,"1.895,88","9,63",Terra-Santa
2018,18.619,"1.895,88","9,82",Terra-Santa
2019,18.769,"1.895,88","9,90",Terra-Santa
2020,18.917,"1.895,88","9,98",Terra-Santa
2021,19.063,"1.895,88","10,05",Terra-Santa
2022,18.782,"1.895,88","9,91",Terra-Santa
2023,19.508,"1.895,88","10,29",Terra-Santa
2024,19.667,"1.895,88","10,37",Terra-Santa
2000,11.406,"489,90","23,18",Nova-Timboteua
2001,11.649,"489,90","23,78",Nova-Timboteua
2002,11.822,"489,90","24,13",Nova-Timboteua
2003,12.016,"489,90","24,53",Nova-Timboteua
2004,12.454,"489,90","25,42",Nova-Timboteua
2005,12.646,"489,90","25,81",Nova-Timboteua
2006,12.869,"489,90","26,27",Nova-Timboteua
2007,12.103,"489,90","24,71",Nova-Timboteua
2008,12.568,"489,90","25,65",Nova-Timboteua
2009,12.677,"489,90","25,88",Nova-Timboteua
2010,13.67,"489,85","27,91",Nova-Timboteua
2011,13.844,"489,85","28,26",Nova-Timboteua
2012,14.012,"489,90","28,60",Nova-Timboteua
2013,14.305,"489,90","29,20",Nova-Timboteua
2014,14.472,"489,90","29,54",Nova-Timboteua
2015,14.635,"489,90","29,87",Nova-Timboteua
2016,14.791,"489,85","30,19",Nova-Timboteua
2017,14.942,"489,85","30,50",Nova-Timboteua
2018,15.218,"489,85","31,07",Nova-Timboteua
2019,15.363,"489,85","31,36",Nova-Timboteua
2020,15.506,"489,85","31,65",Nova-Timboteua
2021,15.646,"489,85","31,94",Nova-Timboteua
2022,12.806,"489,85","26,14",Nova-Timboteua
2023,13.29,"489,85","27,13",Nova-Timboteua
2024,13.204,"489,85","26,96",Nova-Timboteua
2000,17.484,"706,30","24,65",Sao-Joao-de-Pirabas
2001,17.623,"706,30","24,95",Sao-Joao-de-Pirabas
2002,17.742,"706,30","25,12",Sao-Joao-de-Pirabas
2003,17.861,"706,30","25,29",Sao-Joao-de-Pirabas
2004,18.133,"706,30","25,67",Sao-Joao-de-Pirabas
2005,18.251,"706,30","25,84",Sao-Joao-de-Pirabas
2006,18.389,"706,30","26,04",Sao-Joao-de-Pirabas
2007,18.919,"706,30","26,79",Sao-Joao-de-Pirabas
2008,19.691,"706,30","27,88",Sao-Joao-de-Pirabas
2009,19.9,"706,30","28,17",Sao-Joao-de-Pirabas
2010,20.647,"705,79","29,25",Sao-Joao-de-Pirabas
2011,20.89,"705,79","29,60",Sao-Joao-de-Pirabas
2012,21.125,"705,80","29,93",Sao-Joao-de-Pirabas
2013,21.536,"705,80","30,51",Sao-Joao-de-Pirabas
2014,21.767,"706,30","30,82",Sao-Joao-de-Pirabas
2015,21.991,"706,30","31,14",Sao-Joao-de-Pirabas
2016,22.207,"705,54","31,48",Sao-Joao-de-Pirabas
2017,22.415,"705,54","31,77",Sao-Joao-de-Pirabas
2018,22.842,"656,25","34,81",Sao-Joao-de-Pirabas
2019,23.045,"668,43","34,48",Sao-Joao-de-Pirabas
2020,23.244,"668,43","34,77",Sao-Joao-de-Pirabas
2021,23.44,"668,43","35,07",Sao-Joao-de-Pirabas
2022,20.689,"668,43","30,95",Sao-Joao-de-Pirabas
2023,21.469,"668,06","32,14",Sao-Joao-de-Pirabas
2024,21.447,"668,06","32,10",Sao-Joao-de-Pirabas
2000,76.45,"19.309,90","3,94",Paragominas
2001,78.116,"19.309,90","4,05",Paragominas
2002,79.988,"19.309,90","4,14",Paragominas
2003,81.63,"19.309,90","4,23",Paragominas
2004,85.354,"19.309,90","4,42",Paragominas
2005,86.984,"19.309,90","4,50",Paragominas
2006,88.877,"19.309,90","4,60",Paragominas
2007,90.819,"19.309,90","4,70",Paragominas
2008,95.479,"19.309,90","4,94",Paragominas
2009,97.35,"19.309,90","5,04",Paragominas
2010,97.819,"19.341,86","5,06",Paragominas
2011,99.459,"19.341,86","5,14",Paragominas
2012,101.046,"19.341,90","5,22",Paragominas
2013,103.775,"19.341,90","5,37",Paragominas
2014,105.417,"19.309,90","5,46",Paragominas
2015,107.01,"19.309,90","5,54",Paragominas
2016,108.547,"19.342,25","5,61",Paragominas
2017,110.026,"19.342,25","5,69",Paragominas
2018,111.764,"19.342,57","5,78",Paragominas
2019,113.145,"19.342,57","5,85",Paragominas
2020,114.503,"19.342,57","5,92",Paragominas
2021,115.838,"19.342,57","5,99",Paragominas
2022,105.55,"19.342,57","5,46",Paragominas
2023,112.299,"19.342,57","5,81",Paragominas
2024,112.843,"19.342,57","5,83",Paragominas
2000,13.394,"7.162,25","1,86",Placas
2001,13.712,"7.162,50","1,91",Placas
2002,14.026,"7.162,50","1,96",Placas
2003,14.319,"7.162,50","2,00",Placas
2004,14.984,"7.162,50","2,09",Placas
2005,15.275,"7.162,50","2,13",Placas
2006,15.614,"7.162,50","2,18",Placas
2007,17.898,"7.162,50","2,50",Placas
2008,19.03,"7.162,50","2,66",Placas
2009,19.592,"7.162,50","2,74",Placas
2010,23.934,"7.173,18","3,34",Placas
2011,24.743,"7.173,18","3,45",Placas
2012,25.526,"7.173,20","3,56",Placas
2013,26.842,"7.173,20","3,74",Placas
2014,27.7,"7.162,50","3,87",Placas
2015,28.533,"7.162,50","3,98",Placas
2016,29.336,"7.173,19","4,09",Placas
2017,30.109,"7.173,19","4,20",Placas
2018,30.293,"7.173,19","4,22",Placas
2019,30.982,"7.173,19","4,32",Placas
2020,31.659,"7.173,19","4,41",Placas
2021,32.325,"7.173,19","4,51",Placas
2022,18.668,"7.173,19","2,60",Placas
2023,19.137,"7.173,20","2,67",Placas
2024,18.772,"7.173,20","2,62",Placas
2000,20.956,"707,50","29,49",Concordia-do-Para
2001,21.813,"707,50","30,83",Concordia-do-Para
2002,22.157,"707,50","31,32",Concordia-do-Para
2003,22.715,"707,50","32,11",Concordia-do-Para
2004,23.979,"707,50","33,89",Concordia-do-Para
2005,24.533,"707,50","34,68",Concordia-do-Para
2006,25.176,"707,50","35,58",Concordia-do-Para
2007,21.422,"707,50","30,28",Concordia-do-Para
2008,22.148,"707,50","31,30",Concordia-do-Para
2009,22.251,"707,50","31,45",Concordia-do-Para
2010,28.216,"690,94","40,84",Concordia-do-Para
2011,28.773,"690,94","41,64",Concordia-do-Para
2012,29.313,"690,90","42,43",Concordia-do-Para
2013,30.233,"690,90","43,76",Concordia-do-Para
2014,30.801,"707,50","43,53",Concordia-do-Para
2015,31.352,"707,50","44,31",Concordia-do-Para
2016,31.884,"690,95","46,15",Concordia-do-Para
2017,32.395,"690,95","46,88",Concordia-do-Para
2018,32.847,"690,95","47,54",Concordia-do-Para
2019,33.318,"700,59","47,56",Concordia-do-Para
2020,33.781,"700,59","48,22",Concordia-do-Para
2021,34.236,"700,59","48,87",Concordia-do-Para
2022,26.881,"700,59","38,37",Concordia-do-Para
2023,28.426,"700,61","40,57",Concordia-do-Para
2024,28.287,"700,61","40,37",Concordia-do-Para
2000,11.866,"1.609,80","7,37",Nova-Ipixuna
2001,12.277,"1.602,80","7,66",Nova-Ipixuna
2002,12.573,"1.602,80","7,84",Nova-Ipixuna
2003,12.9,"1.602,80","8,05",Nova-Ipixuna
2004,13.644,"1.602,80","8,51",Nova-Ipixuna
2005,13.97,"1.602,80","8,72",Nova-Ipixuna
2006,14.348,"1.602,80","8,95",Nova-Ipixuna
2007,14.086,"1.602,80","8,79",Nova-Ipixuna
2008,14.808,"1.602,80","9,24",Nova-Ipixuna
2009,15.097,"1.602,80","9,42",Nova-Ipixuna
2010,14.645,"1.564,18","9,36",Nova-Ipixuna
2011,14.858,"1.564,18","9,50",Nova-Ipixuna
2012,15.065,"1.564,20","9,63",Nova-Ipixuna
2013,15.422,"1.564,20","9,86",Nova-Ipixuna
2014,15.632,"1.602,80","9,75",Nova-Ipixuna
2015,15.836,"1.602,80","9,88",Nova-Ipixuna
2016,16.032,"1.564,18","10,25",Nova-Ipixuna
2017,16.221,"1.564,18","10,37",Nova-Ipixuna
2018,16.499,"1.564,18","10,55",Nova-Ipixuna
2019,16.678,"1.564,18","10,66",Nova-Ipixuna
2020,16.854,"1.564,18","10,77",Nova-Ipixuna
2021,17.027,"1.564,18","10,89",Nova-Ipixuna
2022,13.955,"1.564,18","8,92",Nova-Ipixuna
2023,14.541,"1.564,18","9,30",Nova-Ipixuna
2024,14.417,"1.564,18","9,22",Nova-Ipixuna
2000,25.309,"2.512,50","10,03",Tucuma
2001,25.906,2.512.50,10.31,Tucuma
2002,24.033,"2.512,50","9,57",Tucuma
2003,23.44,"2.512,50","9,33",Tucuma
2004,22.097,"2.512,50","8,79",Tucuma
2005,21.509,"2.512,50","8,56",Tucuma
2006,20.826,"2.512,50","8,29",Tucuma
2007,26.513,"2.512,50","10,55",Tucuma
2008,27.491,"2.512,50","10,94",Tucuma
2009,27.691,"2.512,50","11,02",Tucuma
2010,33.69,"2.512,59","13,41",Tucuma
2011,34.333,"2.512,59","13,66",Tucuma
2012,34.956,"2.512,60","13,91",Tucuma
2013,36.021,"2.512,60","14,34",Tucuma
2014,36.674,"2.512,50","14,60",Tucuma
2015,37.308,"2.512,50","14,85",Tucuma
2016,37.92,"2.512,59","15,09",Tucuma
2017,38.508,"2.512,59","15,33",Tucuma
2018,39.059,"2.512,59","15,55",Tucuma
2019,39.602,"2.512,59","15,76",Tucuma
2020,40.136,"2.512,59","15,97",Tucuma
2021,40.661,"2.512,59","16,18",Tucuma
2022,39.55,"2.512,59","15,74",Tucuma
2023,42.0,"2.512,59","16,72",Tucuma
2024,42.48,"2.512,59","16,91",Tucuma
2000,63.268,"1.310,30","48,07",Barcarena
2001,65.385,"1.310,30","49,90",Barcarena
2002,66.913,"1.310,30","51,07",Barcarena
2003,68.604,"1.310,30","52,36",Barcarena
2004,72.441,"1.310,30","55,29",Barcarena
2005,74.120,"1.310,30","56,57",Barcarena
2006,76.071,"1.310,30","58,06",Barcarena
2007,"84,560","1.310,30","64,53",Barcarena
2008,89.909,"1.310,30","68,62",Barcarena
2009,92.567,"1.310,30","70,65",Barcarena
2010,99.859,"1.310,33","76,21",Barcarena
2011,102.668,"1.310,33","78,35",Barcarena
2012,105.385,"1.310,30","80,43",Barcarena
2013,109.975,"1.310,30","83,93",Barcarena
2014,112.921,"1.310,30","86,18",Barcarena
2015,115.779,"1.310,30","88,36",Barcarena
2016,118.537,"1.310,59","90,45",Barcarena
2017,121.190,"1.310,59","92,47",Barcarena
2018,122.294,"1.310,34","93,33",Barcarena
2019,124.680,"1.310,34","95,15",Barcarena
2020,127.027,"1.310,34","96,94",Barcarena
2021,129.333,"1.310,34","98,70",Barcarena
2023,134.830,"1.310,34","102,90",Barcarena
2024,137.331,"1.310,34","104,81",Barcarena
2000,5.957,"614,20","9,66",Abel-Figueiredo
2001,6.145,"614,20","10,00",Abel-Figueiredo
2002,6.291,"614,20","10,24",Abel-Figueiredo
2003,6.446,"614,20","10,49",Abel-Figueiredo
2004,6.798,"614,20","11,07",Abel-Figueiredo
2005,6.952,"614,20","11,32",Abel-Figueiredo
2006,7.131,"614,20","11,61",Abel-Figueiredo
2007,6.592,"614,20","10,73",Abel-Figueiredo
2008,6.879,"614,20","11,20",Abel-Figueiredo
2009,6.967,"614,20","11,34",Abel-Figueiredo
2010,6.78,"614,27","11,04",Abel-Figueiredo
2011,6.843,"614,27","11,14",Abel-Figueiredo
2012,6.905,"614,30","11,24",Abel-Figueiredo
2013,7.013,"614,30","11,42",Abel-Figueiredo
2014,7.07,"614,20","11,51",Abel-Figueiredo
2015,7.126,"614,20","11,60",Abel-Figueiredo
2016,7.179,"614,13","11,69",Abel-Figueiredo
2017,7.231,"614,13","11,77",Abel-Figueiredo
2018,7.382,"614,13","12,02",Abel-Figueiredo
2019,7.434,"614,13","12,10",Abel-Figueiredo
2020,7.486,"614,13","12,19",Abel-Figueiredo
2021,7.536,"614,13","12,27",Abel-Figueiredo
2022,6.136,"614,13","9,99",Abel-Figueiredo
2023,6.364,"614,13","10,36",Abel-Figueiredo
2024,6.302,"614,13","10,26",Abel-Figueiredo
2000,20.016,"3.604,10","5,53",Curralinho
2001,20.529,"3.604,10","5,70",Curralinho
2002,21.028,"3.604,10","5,83",Curralinho
2003,21.498,"3.604,10","5,96",Curralinho
2004,22.564,"3.604,10","6,26",Curralinho
2005,23.032,"3.604,10","6,39",Curralinho
2006,23.573,"3.604,10","6,54",Curralinho
2007,25.388,"3.604,10","7,04",Curralinho
2008,26.864,"3.604,10","7,45",Curralinho
2009,27.543,"3.604,10","7,64",Curralinho
2010,28.549,"3.617,24","7,89",Curralinho
2011,29.204,"3.617,24","8,07",Curralinho
2012,29.838,"3.617,20","8,25",Curralinho
2013,30.915,"3.617,20","8,55",Curralinho
2014,31.591,"3.604,10","8,77",Curralinho
2015,32.248,"3.604,10","8,95",Curralinho
2016,32.881,"3.617,25","9,09",Curralinho
2017,33.49,"3.617,25","9,26",Curralinho
2018,33.893,"3.617,25","9,37",Curralinho
2019,34.448,"3.617,25","9,52",Curralinho
2020,34.994,"3.617,25","9,67",Curralinho
2021,35.53,"3.617,25","9,82",Curralinho
2022,33.903,"3.617,25","9,37",Curralinho
2023,35.946,3.617,"9,94",Curralinho
2024,36.451,3.617,"10,08",Curralinho
2000,32.4,"796,80","40,48",Igarape-Acu
2001,32.982,"796,80","41,39",Igarape-Acu
2002,33.472,"796,80","42,01",Igarape-Acu
2003,33.969,"796,80","42,63",Igarape-Acu
2004,35.097,"796,80","44,05",Igarape-Acu
2005,35.591,"796,80","44,67",Igarape-Acu
2006,36.164,"796,80","45,39",Igarape-Acu
2007,33.778,"796,80","42,39",Igarape-Acu
2008,35.005,"796,80","43,93",Igarape-Acu
2009,35.241,"796,80","44,23",Igarape-Acu
2010,35.887,"785,98","45,66",Igarape-Acu
2011,36.155,"785,98","46,00",Igarape-Acu
2012,36.414,"786,00","46,33",Igarape-Acu
2013,36.883,"786,00","46,92",Igarape-Acu
2014,37.112,"796,80","46,58",Igarape-Acu
2015,37.333,"796,80","46,85",Igarape-Acu
2016,37.547,"785,98","47,77",Igarape-Acu
2017,37.753,"785,98","48,03",Igarape-Acu
2018,38.588,"785,98","49,10",Igarape-Acu
2019,38.807,"785,98","49,37",Igarape-Acu
2020,39.023,"785,98","49,65",Igarape-Acu
2021,39.234,"785,98","49,92",Igarape-Acu
2022,35.797,"785,98","45,54",Igarape-Acu
2023,37.877,"785,98","48,19",Igarape-Acu
2024,37.855,"785,98","48,16",Igarape-Acu
2000,21.032,"994,60","21,05",Bujaru
2001,21.887,"994,60","22,01",Bujaru
2002,22.487,"994,60","22,61",Bujaru
2003,23.162,"994,60","23,29",Bujaru
2004,24.694,"994,60","24,83",Bujaru
2005,25.364,"994,60","25,50",Bujaru
2006,26.143,"994,60","26,28",Bujaru
2007,22.535,"994,60","22,66",Bujaru
2008,23.429,"994,60","23,56",Bujaru
2009,23.654,"994,60","23,78",Bujaru
2010,25.695,"1.005,16","25,56",Bujaru
2011,26.053,"1.005,16","25,92",Bujaru
2012,26.4,"1.005,20","26,26",Bujaru
2013,27.0,"1.005,20","26,86",Bujaru
2014,27.349,"994,60","27,50",Bujaru
2015,27.689,"994,60","27,84",Bujaru
2016,28.016,"1.005,17","27,87",Bujaru
2017,28.331,"1.005,17","28,19",Bujaru
2018,28.832,"1.005,17","28,68",Bujaru
2019,29.132,"994,69","29,29",Bujaru
2020,29.427,"994,69","29,58",Bujaru
2021,29.717,"994,69","29,88",Bujaru
2022,24.383,"994,69","24,51",Bujaru
2023,25.256,"994,66","25,39",Bujaru
2024,25.112,"994,66","25,25",Bujaru
2000,20.542,"856,60","23,87",Mocajuba
2001,20.802,"856,60","24,28",Mocajuba
2002,20.972,"856,60","24,48",Mocajuba
2003,21.172,"856,60","24,72",Mocajuba
2004,21.626,"856,60","25,25",Mocajuba
2005,21.824,"856,60","25,48",Mocajuba
2006,22.055,"856,60","25,75",Mocajuba
2007,23.258,"856,60","27,15",Mocajuba
2008,24.328,"856,60","28,40",Mocajuba
2009,24.695,"856,60","28,83",Mocajuba
2010,26.731,"870,81","30,70",Mocajuba
2011,27.206,"870,81","31,24",Mocajuba
2012,27.666,"870,80","31,77",Mocajuba
2013,28.454,"870,80","32,68",Mocajuba
2014,28.933,"856,60","33,78",Mocajuba
2015,29.398,"856,60","34,32",Mocajuba
2016,29.846,"870,81","34,27",Mocajuba
2017,30.277,"870,81","34,77",Mocajuba
2018,30.736,"871,17","35,28",Mocajuba
2019,31.136,"871,17","35,74",Mocajuba
2020,31.53,"871,17","36,19",Mocajuba
2021,31.917,"871,17","36,64",Mocajuba
2022,27.198,"871,17","31,22",Mocajuba
2023,28.802,"871,17","33,06",Mocajuba
2024,28.821,"871,17","33,08",Mocajuba
2000,27.571,"773,90","35,47",Maracana
2001,27.88,"773,90","36,03",Maracana
2002,27.991,"773,90","36,17",Maracana
2003,28.186,"773,90","36,42",Maracana
2004,28.628,"773,90","36,99",Maracana
2005,28.822,"773,90","37,24",Maracana
2006,29.046,"773,90","37,53",Maracana
2007,29.296,"773,90","36,56",Maracana
2008,29.269,"773,90","37,82",Maracana
2009,29.417,"773,90","38,01",Maracana
2010,28.376,"857,19","33,10",Maracana
2011,28.438,"857,19","33,18",Maracana
2012,28.498,"857,20","33,25",Maracana
2013,28.631,"857,20","33,40",Maracana
2014,28.643,"773,90","37,01",Maracana
2015,28.656,"773,90","37,03",Maracana
2016,28.668,"855,66","33,50",Maracana
2017,28.679,"855,66","33,52",Maracana
2018,29.429,"807,63","36,44",Maracana
2019,29.473,"807,63","36,49",Maracana
2020,29.516,"807,63","36,55",Maracana
2021,29.559,"807,63","36,60",Maracana
2022,25.971,"807,63","32,16",Maracana
2023,27.417,"807,63","33,95",Maracana
2024,27.207,"807,63","33,69",Maracana
2000,27.301,"13.834,00","1,96",Prainha
2001,29.624,"13.834,00","2,14",Prainha
2002,29.729,"13.834,00","2,15",Prainha
2003,29.83,"13.834,00","2,16",Prainha
2004,30.06,"13.834,00","2,17",Prainha
2005,30.16,"13.834,00","2,18",Prainha
2006,30.278,"13.834,00","2,19",Prainha
2007,26.436,"13.834,00","1,91",Prainha
2008,26.866,"13.834,00","1,94",Prainha
2009,26.57,"13.834,00","1,92",Prainha
2010,29.349,"14.786,67","1,98",Prainha
2011,29.337,"14.786,67","1,98",Prainha
2012,29.325,"14.786,70","1,98",Prainha
2013,29.342,"14.786,70","1,98",Prainha
2014,29.27,"13.834,00","2,12",Prainha
2015,29.2,"13.834,00","2,11",Prainha
2016,29.132,"14.786,95","1,97",Prainha
2017,29.067,"14.786,95","1,97",Prainha
2018,29.886,"14.786,95","2,02",Prainha
2019,29.866,"14.786,95","2,02",Prainha
2020,29.846,"14.786,95","2,02",Prainha
2021,29.827,"14.786,95","2,02",Prainha
2022,35.577,"14.786,95","2,41",Prainha
2023,37.717,"14.788,19","2,55",Prainha
2024,38.318,"14.788,19","2,59",Prainha
2000,21.064,"6.774,30","3,10",Melgaco
2001,21.851,"6.774,30","3,23",Melgaco
2002,22.437,"6.774,30","3,31",Melgaco
2003,23.074,"6.774,30","3,41",Melgaco
2004,24.52,"6.774,30","3,62",Melgaco
2005,25.153,"6.774,30","3,71",Melgaco
2006,25.887,"6.774,30","3,82",Melgaco
2007,17.845,"6.774,30","2,63",Melgaco
2008,17.989,"6.774,30","2,66",Melgaco
2009,17.657,"6.774,30","2,61",Melgaco
2010,24.808,"6.773,97","3,66",Melgaco
2011,25.095,"6.773,97","3,70",Melgaco
2012,25.374,"6.774,00","3,75",Melgaco
2013,25.86,"6.774,00","3,82",Melgaco
2014,26.133,"6.774,30","3,86",Melgaco
2015,26.397,"6.774,30","3,90",Melgaco
2016,26.652,"6.774,07","3,93",Melgaco
2017,26.897,"6.774,02","3,97",Melgaco
2018,27.415,"6.774,02","4,05",Melgaco
2019,27.654,"6.774,07","4,08",Melgaco
2020,27.89,"6.774,07","4,12",Melgaco
2021,28.121,"6.774,07","4,15",Melgaco
2022,27.881,"6.774,07","4,12",Melgaco
2023,29.561,6.773,"4,36",Melgaco
2024,29.846,6.773,"4,41",Melgaco
2000,14.245,"474,00","29,92",Sao-Francisco-do-Para
2001,14.517,"474,00","30,63",Sao-Francisco-do-Para
2002,14.798,"474,00","31,22",Sao-Francisco-do-Para
2003,15.054,"474,00","31,76",Sao-Francisco-do-Para
2004,15.636,"474,00","32,99",Sao-Francisco-do-Para
2005,15.89,"474,00","33,52",Sao-Francisco-do-Para
2006,16.184,"474,00","34,14",Sao-Francisco-do-Para
2007,11.913,"474,00","25,13",Sao-Francisco-do-Para
2008,11.986,"474,00","25,29",Sao-Francisco-do-Para
2009,11.743,"474,00","24,77",Sao-Francisco-do-Para
2010,15.06,"479,57","31,40",Sao-Francisco-do-Para
2011,15.123,"479,57","31,53",Sao-Francisco-do-Para
2012,15.184,"479,60","31,66",Sao-Francisco-do-Para
2013,15.301,"479,60","31,90",Sao-Francisco-do-Para
2014,15.341,"474,00","32,36",Sao-Francisco-do-Para
2015,15.38,"474,00","32,45",Sao-Francisco-do-Para
2016,15.418,"479,57","32,15",Sao-Francisco-do-Para
2017,15.454,"479,57","32,23",Sao-Francisco-do-Para
2018,15.833,"479,44","33,02",Sao-Francisco-do-Para
2019,15.882,"479,44","33,13",Sao-Francisco-do-Para
2020,15.93,"479,44","33,23",Sao-Francisco-do-Para
2021,15.978,"479,44","33,33",Sao-Francisco-do-Para
2022,14.894,"479,44","31,07",Sao-Francisco-do-Para
2023,15.467,"479,44","32,26",Sao-Francisco-do-Para
2024,15.418,"479,44","32,16",Sao-Francisco-do-Para
2000,393.569,"190,60","2.056,26",Ananindeua
2001,410.234,"190,60","2.152,33",Ananindeua
2002,423.325,"190,60","2.221,01",Ananindeua
2003,437.135,"190,60","2.293,47",Ananindeua
2004,468.463,"190,60","2.457,83",Ananindeua
2005,482.17,"190,60","2.529,75",Ananindeua
2006,498.095,"190,60","2.613,30",Ananindeua
2007,484.278,"190,60","2.540,81",Ananindeua
2008,495.48,"190,60","2.599,58",Ananindeua
2009,505.512,"190,60","2.652,21",Ananindeua
2010,471.98,"190,50","2.477,56",Ananindeua
2011,477.999,"190,50","2.509,15",Ananindeua
2012,483.821,"190,50","2.539,74",Ananindeua
2013,493.976,"190,50","2.593,05",Ananindeua
2014,499.776,"190,60","2.622,12",Ananindeua
2015,505.404,"190,60","2.651,65",Ananindeua
2016,510.834,"190,45","2.682,23",Ananindeua
2017,516.057,"190,45","2.709,66",Ananindeua
2018,525.566,"190,45","2.759,59",Ananindeua
2019,530.598,"190,58","2.784,11",Ananindeua
2020,535.547,"190,58","2.810,08",Ananindeua
2021,540.41,"190,58","2.835,59",Ananindeua
2022,478.778,"190,58","2.512,20",Ananindeua
2023,507.841,"190,59","2.664,57",Ananindeua
2024,507.838,"190,59","2.664,56",Ananindeua
2000,15.783,"3.102,10","5,07",Cachoeira-do-Arari
2001,16.094,"3.102,10","5,19",Cachoeira-do-Arari
2002,16.317,"3.102,10","5,26",Cachoeira-do-Arari
2003,16.565,"3.102,10","5,34",Cachoeira-do-Arari
2004,11.127,"3.102,10","5,52",Cachoeira-do-Arari
2005,17.372,"3.102,10","5,60",Cachoeira-do-Arari
2006,17.658,"3.102,10","5,69",Cachoeira-do-Arari
2007,18995.0,"3.102,10","6,12",Cachoeira-do-Arari
2008,19.996,"3.102,10","6,45",Cachoeira-do-Arari
2009,20.411,"3.102,10","6,58",Cachoeira-do-Arari
2010,20.443,"3.101,74","6,59",Cachoeira-do-Arari
2011,20.801,"3.101,74","6,71",Cachoeira-do-Arari
2012,21.147,"3.101,70","6,82",Cachoeira-do-Arari
2013,21.74,"3.101,70","7,01",Cachoeira-do-Arari
2014,22.1,"3.102,10","7,12",Cachoeira-do-Arari
2015,22.449,"3.102,10","7,24",Cachoeira-do-Arari
2016,22.786,"3.100,26","7,35",Cachoeira-do-Arari
2017,23.11,"3.100,26","7,45",Cachoeira-do-Arari
2018,23.466,"3.100,26","7,57",Cachoeira-do-Arari
2019,23.767,"3.100,26","7,67",Cachoeira-do-Arari
2020,24.064,"3.100,26","7,76",Cachoeira-do-Arari
2021,24.355,"3.100,26","7,86",Cachoeira-do-Arari
2022,23.981,"3.100,26","7,74",Cachoeira-do-Arari
2023,20.127,3.100,"6,49",Cachoeira-do-Arari
2024,25.243,3.100,"8,14",Cachoeira-do-Arari
2000,63.251,"3.823,80","16,53",Redencao
2001,64.658,"3.823,80","16,91",Redencao
2002,65.766,"3.823,80","17,20",Redencao
2003,66.933,"3.823,80","17,50",Redencao
2004,69.581,"3.823,80","18,20",Redencao
2005,70.739,"3.823,80","18,50",Redencao
2006,72.085,"3.823,80","18,85",Redencao
2007,64.583,"3.823,80","16,89",Redencao
2008,66.762,"3.823,80","17,46",Redencao
2009,67.064,"3.823,80","17,54",Redencao
2010,75.556,"3.823,80","19,76",Redencao
2011,76.5,"3.823,80","20,01",Redencao
2012,77.415,"3.823,80","20,25",Redencao
2013,79.01,"3.823,80","20,66",Redencao
2014,79.917,"3.823,80","20,90",Redencao
2015,80.797,"3.823,80","21,13",Redencao
2016,81.647,"3.823,81","21,35",Redencao
2017,82.464,"3.823,81","21,57",Redencao
2018,83.997,"3.823,81","21,97",Redencao
2019,84.787,"3.823,81","22,17",Redencao
2020,85.563,"3.823,81","22,38",Redencao
2021,86.326,"3.823,81","22,58",Redencao
2022,85.597,"3.823,81","22,39",Redencao
2023,91.171,"3.823,81","23,84",Redencao
2024,91.947,"3.823,81","24,05",Redencao
2000,12.247,"1.296,10","9,41",Sao-Joao-do-Araguaia
2001,12.979,"1.296,10","10,01",Sao-Joao-do-Araguaia
2002,13.659,"1.296,10","10,54",Sao-Joao-do-Araguaia
2003,14.314,"1.296,10","11,04",Sao-Joao-do-Araguaia
2004,15.801,"1.296,10","12,19",Sao-Joao-do-Araguaia
2005,16.452,"1.296,10","12,69",Sao-Joao-do-Araguaia
2006,17.207,"1.296,10","13,28",Sao-Joao-do-Araguaia
2007,11.673,"1.296,10","9,01",Sao-Joao-do-Araguaia
2008,11.963,"1.296,10","9,23",Sao-Joao-do-Araguaia
2009,11.923,"1.296,10","9,20",Sao-Joao-do-Araguaia
2010,13.155,"1.279,89","10,28",Sao-Joao-do-Araguaia
2011,13.225,"1.279,89","10,33",Sao-Joao-do-Araguaia
2012,13.293,"1.279,90","10,39",Sao-Joao-do-Araguaia
2013,13.419,"1.279,90","10,48",Sao-Joao-do-Araguaia
2014,13.47,"1.296,10","10,39",Sao-Joao-do-Araguaia
2015,13.521,"1.296,10","10,43",Sao-Joao-do-Araguaia
2016,13.569,"1.279,89","10,60",Sao-Joao-do-Araguaia
2017,13.616,"1.279,89","10,64",Sao-Joao-do-Araguaia
2018,13.94,"1.279,89","10,89",Sao-Joao-do-Araguaia
2019,13.996,"1.279,89","10,94",Sao-Joao-do-Araguaia
2020,14.051,"1.279,89","10,98",Sao-Joao-do-Araguaia
2021,14.105,"1.279,89","11,02",Sao-Joao-do-Araguaia
2022,13.664,"1.279,89","10,68",Sao-Joao-do-Araguaia
2023,14.278,"1.279,89","11,16",Sao-Joao-do-Araguaia
2024,14.246,"1.279,89","11,13",Sao-Joao-do-Araguaia
2000,25.467,"3.765,50","6,73",Muana
2001,25.916,"3.765,50","6,88",Muana
2002,26.119,"3.765,50","6,94",Muana
2003,26.422,"3.765,50","7,02",Muana
2004,27.109,"3.765,50","7,20",Muana
2005,27.409,"3.765,50","7,28",Muana
2006,27.758,"3.765,50","7,37",Muana
2007,28.796,"3.765,50","7,65",Muana
2008,30.117,"3.765,50","8,00",Muana
2009,30.568,"3.765,50","8,12",Muana
2010,34.204,"3.765,53","9,08",Muana
2011,34.875,"3.765,53","9,26",Muana
2012,35.524,"3.765,50","9,43",Muana
2013,36.632,"3.765,50","9,73",Muana
2014,37.314,"3.765,50","9,91",Muana
2015,37.977,"3.765,50","10,09",Muana
2016,38.616,"3.763,34","10,26",Muana
2017,39.231,"3.763,34","10,42",Muana
2018,39.783,"3.763,34","10,57",Muana
2019,40.349,"3.763,34","10,72",Muana
2020,40.906,"3.763,34","10,87",Muana
2021,41.454,"3.763,34","11,02",Muana
2022,45.368,"3.763,34","12,06",Muana
2023,47.91,3.763,"12,73",Muana
2024,48.955,3.763,"13,01",Muana
2000,17.664,"1.569,40","11,21",Sao-Sebastiao-da-Boa-Vista
2001,17.996,"1.569,40","11,47",Sao-Sebastiao-da-Boa-Vista
2002,18.24,"1.569,40","11,62",Sao-Sebastiao-da-Boa-Vista
2003,18.507,"1.569,40","11,79",Sao-Sebastiao-da-Boa-Vista
2004,19.114,"1.569,40","12,18",Sao-Sebastiao-da-Boa-Vista
2005,19.379,"1.569,40","12,35",Sao-Sebastiao-da-Boa-Vista
2006,19.688,"1.569,40","12,54",Sao-Sebastiao-da-Boa-Vista
2007,20.5,"1.569,40","13,06",Sao-Sebastiao-da-Boa-Vista
2008,21.499,"1.569,40","13,70",Sao-Sebastiao-da-Boa-Vista
2009,21.874,"1.569,40","13,94",Sao-Sebastiao-da-Boa-Vista
2010,22.904,"1.632,24","14,03",Sao-Sebastiao-da-Boa-Vista
2011,23.306,"1.632,24","14,28",Sao-Sebastiao-da-Boa-Vista
2012,23.696,"1.632,20","14,52",Sao-Sebastiao-da-Boa-Vista
2013,24.363,"1.632,20","14,93",Sao-Sebastiao-da-Boa-Vista
2014,24.768,"1.569,40","15,78",Sao-Sebastiao-da-Boa-Vista
2015,25.161,"1.569,40","16,03",Sao-Sebastiao-da-Boa-Vista
2016,25.54,"1.632,25","15,65",Sao-Sebastiao-da-Boa-Vista
2017,25.904,"1.632,25","15,87",Sao-Sebastiao-da-Boa-Vista
2018,26.301,"1.632,25","16,11",Sao-Sebastiao-da-Boa-Vista
2019,26.64,"1.632,25","16,32",Sao-Sebastiao-da-Boa-Vista
2020,26.974,"1.632,25","16,53",Sao-Sebastiao-da-Boa-Vista
2021,27.302,"1.632,25","16,73",Sao-Sebastiao-da-Boa-Vista
2022,25.643,"1.632,25","15,71",Sao-Sebastiao-da-Boa-Vista
2023,27.171,"1.632,00","16,65",Sao-Sebastiao-da-Boa-Vista
2024,27.441,"1.632,00","16,81",Sao-Sebastiao-da-Boa-Vista
2000,21.119,"3.188,20","6,59",Baiao
2001,21.255,"3.188,20","6,67",Baiao
2002,21.339,"3.188,20",6.69,Baiao
2003,21.442,"3.188,20","6,73",Baiao
2004,21.673,"3.188,20","6,80",Baiao
2005,21.775,"3.188,20","6,83",Baiao
2006,21.893,"3.188,20","6,87",Baiao
2007,26.19,"3.188,20","8,21",Baiao
2008,27.652,"3.188,20","8,67",Baiao
2009,28.299,"3.188,20",8.88,Baiao
2010,36.882,"3.758,28","9,81",Baiao
2011,38.092,"3.758,28","10,14",Baiao
2012,39.263,"3.758,30","10,45",Baiao
2013,41.232,"3.758,30","10,97",Baiao
2014,42.513,"3.188,20","13,33",Baiao
2015,43.757,"3.188,20","13,72",Baiao
2016,44.956,"3.758,30","11,96",Baiao
2017,46.11,"3.758,30","12,27",Baiao
2018,46.416,"3.759,83","12,35",Baiao
2019,47.446,"3.759,83","12,62",Baiao
2020,48.459,"3.759,83","12,89",Baiao
2021,49.454,"3.759,83","13,15",Baiao
2022,51.641,"3.759,83","13,73",Baiao
2023,54.561,"3.760,00","14,51",Baiao
2024,55.949,"3.760,00","14,88",Baiao
2000,24.024,"53.304,90","0,45",Jacareacanga
2001,25.851,"53.304,90","0,48",Jacareacanga
2002,27.058,"53.304,90","0,51",Jacareacanga
2003,28.467,"53.304,90","0,53",Jacareacanga
2004,31.661,"53.304,90","0,59",Jacareacanga
2005,33.059,"53.304,90","0,62",Jacareacanga
2006,34.683,"53.304,90","0,65",Jacareacanga
2007,37.073,"53.304,90","0,70",Jacareacanga
2008,39.892,"53.304,90","0,75",Jacareacanga
2009,41.487,"53.304,90","0,78",Jacareacanga
2010,14.103,"53.303,02","0,26",Jacareacanga
2011,14.223,"53.303,02","0,27",Jacareacanga
2012,41.487,"53.303,00","0,78",Jacareacanga
2013,41.487,"53.303,00","0,78",Jacareacanga
2014,41.487,"53.304,90","0,78",Jacareacanga
2015,41.487,"53.304,90","0,78",Jacareacanga
2016,41.487,"53.304,21","0,78",Jacareacanga
2017,41.487,"53.304,56","0,78",Jacareacanga
2018,41.487,"53.304,56","0,78",Jacareacanga
2019,41.487,"53.304,56","0,78",Jacareacanga
2020,41.487,"53.304,56","0,78",Jacareacanga
2021,41.487,"53.304,56","0,78",Jacareacanga
2022,24.042,"53.304,56","0,45",Jacareacanga
2023,24.799,"53.304,56","0,47",Jacareacanga
2024,26.006,"53.304,56","0,49",Jacareacanga
2000,22.084,"7.626,00","2,88",Agua-Azul-do-Norte
2001,23.236,"7.626,00","3,05",Agua-Azul-do-Norte
2002,25.291,"7.626,00","3,32",Agua-Azul-do-Norte
2003,26.779,"7.626,00","3,51",Agua-Azul-do-Norte
2004,30.156,"7.626,00","3,95",Agua-Azul-do-Norte
2005,31.633,"7.626,00","4,15",Agua-Azul-do-Norte
2006,33.35,"7.626,00","4,37",Agua-Azul-do-Norte
2007,28.658,"7.626,00","3,76",Agua-Azul-do-Norte
2008,30.389,"7.626,00","3,98",Agua-Azul-do-Norte
2009,31.216,"7.626,00","4,09",Agua-Azul-do-Norte
2010,25.057,"7.113,94","3,52",Agua-Azul-do-Norte
2011,25.285,"7.113,94","3,55",Agua-Azul-do-Norte
2012,25.506,"7.113,90","3,59",Agua-Azul-do-Norte
2013,25.899,"7.113,90","3,64",Agua-Azul-do-Norte
2014,26.105,"7.626,00","3,42",Agua-Azul-do-Norte
2015,26.305,"7.626,00","3,45",Agua-Azul-do-Norte
2016,26.497,"7.113,96","3,72",Agua-Azul-do-Norte
2017,26.682,"7.113,96","3,75",Agua-Azul-do-Norte
2018,27.241,"7.113,96","3,83",Agua-Azul-do-Norte
2019,27.43,"7.113,96","3,86",Agua-Azul-do-Norte
2020,27.615,"7.113,96","3,88",Agua-Azul-do-Norte
2021,27.797,"7.113,96","3,91",Agua-Azul-do-Norte
2022,18.08,"7.113,96","2,54",Agua-Azul-do-Norte
2023,18.546,"7.113,96","2,61",Agua-Azul-do-Norte
2024,17.96,"7.113,96","2,52",Agua-Azul-do-Norte
2000,14.397,"599,80","23,90",Ourem
2001,14.599,"599,80","24,34",Ourem
2002,14.741,"599,80","24,58",Ourem
2003,14.9,"599,80","24,84",Ourem
2004,15.262,"599,80","25,45",Ourem
2005,15.421,"599,80","25,71",Ourem
2006,15.605,"599,80","26,02",Ourem
2007,15.152,"599,80","25,26",Ourem
2008,15.719,"599,80","26,21",Ourem
2009,15.841,"599,80",26.41,Ourem
2010,16.311,"562,39","29,00",Ourem
2011,16.458,"562,39","29,26",Ourem
2012,16.601,"562,40","29,52",Ourem
2013,16.854,"562,40","29,97",Ourem
2014,16.986,"599,80","28,32",Ourem
2015,17.114,"599,80","28,53",Ourem
2016,17.237,"562,39","30,65",Ourem
2017,17.356,"562,39","30,86",Ourem
2018,17.721,"562,39","31,51",Ourem
2019,17.842,"562,39","31,73",Ourem
2020,17.961,"562,39","31,94",Ourem
2021,17.855,"561,71","31,79",Ourem
2023,18.579,"561,71","33,08",Ourem
2024,18.675,"561,71","33,25",Ourem
2000,34.621,"84.248,40","0,41",Sao-Felix-do-Xingu
2001,35.698,84.248.40,0.42,Sao-Felix-do-Xingu
2002,36.668,"84.248,40","0,44",Sao-Felix-do-Xingu
2003,37.618,"84.248,40","0,45",Sao-Felix-do-Xingu
2004,39.774,"84.248,40","0,47",Sao-Felix-do-Xingu
2005,40.717,"84.248,40","0,48",Sao-Felix-do-Xingu
2006,41.813,"84.248,40","0,50",Sao-Felix-do-Xingu
2007,59.238,"84.248,40","0,70",Sao-Felix-do-Xingu
2008,64.223,"84.248,40","0,76",Sao-Felix-do-Xingu
2009,67.208,"84.248,40","0,80",Sao-Felix-do-Xingu
2010,91.34,"84.213,09","1,08",Sao-Felix-do-Xingu
2011,95.694,"84.213,09",1.14,Sao-Felix-do-Xingu
2012,99.905,"84.213,10","1,19",Sao-Felix-do-Xingu
2013,106.94,"84.213,10","1,27",Sao-Felix-do-Xingu
2014,111.633,"84.248,40","1,33",Sao-Felix-do-Xingu
2015,116.186,"84.248,40","1,38",Sao-Felix-do-Xingu
2016,120.58,"84.213,25","1,43",Sao-Felix-do-Xingu
2017,124.806,"84.212,85","1,48",Sao-Felix-do-Xingu
2018,124.763,"84.212,93","1,48",Sao-Felix-do-Xingu
2019,128.481,"84.212,96","1,53",Sao-Felix-do-Xingu
2020,132.138,"84.212,90","1,57",Sao-Felix-do-Xingu
2021,135.732,"84.212,90","1,61",Sao-Felix-do-Xingu
2022,65.418,"84.212,90","0,78",Sao-Felix-do-Xingu
2023,68.179,"84.212,90","0,81",Sao-Felix-do-Xingu
2024,65.957,"84.212,90","0,78",Sao-Felix-do-Xingu
2000,11.142,"2.958,40",3.77,Vitoria-do-Xingu
2001,11.005,"2.958,40","3,72",Vitoria-do-Xingu
2002,10.876,"2.958,40","3,68",Vitoria-do-Xingu
2003,10.752,"2.958,40","3,63",Vitoria-do-Xingu
2004,10.472,"2.958,40","3,54",Vitoria-do-Xingu
2005,10.349,"2.958,40","3,50",Vitoria-do-Xingu
2006,10.206,"2.958,40","3,45",Vitoria-do-Xingu
2007,9.693,"2.958,40","3,28",Vitoria-do-Xingu
2008,9.809,"2.958,40","3,32",Vitoria-do-Xingu
2009,9.664,"2.958,40","3,27",Vitoria-do-Xingu
2010,13.431,"3.135,17","4,28",Vitoria-do-Xingu
2011,13.607,"3.135,17","4,34",Vitoria-do-Xingu
2012,13.777,"3.135,20","4,39",Vitoria-do-Xingu
2013,14.072,"3.135,20","4,49",Vitoria-do-Xingu
2014,14.242,"2.958,40","4,81",Vitoria-do-Xingu
2015,14.407,"2.958,40","4,87",Vitoria-do-Xingu
2016,14.566,"3.089,54","4,71",Vitoria-do-Xingu
2017,14.719,"3.089,54","4,76",Vitoria-do-Xingu
2018,14.987,"3.089,54","4,85",Vitoria-do-Xingu
2019,15.134,"3.089,54","4,90",Vitoria-do-Xingu
2020,15.279,"3.089,54","4,95",Vitoria-do-Xingu
2021,15.421,"3.089,54","4,99",Vitoria-do-Xingu
2022,15.607,"3.089,54","5,05",Vitoria-do-Xingu
2023,16.25,"3.089,54","5,26",Vitoria-do-Xingu
2024,16.414,"3.089,54","5,31",Vitoria-do-Xingu
2000,22.685,"6.928,20",3.26,Goianesia-do-Para
2001,24.067,"6.928,20","3,47",Goianesia-do-Para
2002,25.135,"6.928,20","3,63",Goianesia-do-Para
2003,26.273,"6.928,20","3,79",Goianesia-do-Para
2004,28.853,"6.928,20","4,16",Goianesia-do-Para
2005,29.981,"6.928,20","4,33",Goianesia-do-Para
2006,31.293,"6.928,20","4,52",Goianesia-do-Para
2007,27.166,"6.928,20","3,92",Goianesia-do-Para
2008,28.583,"6.928,20","4,13",Goianesia-do-Para
2009,29.164,"6.928,20","4,21",Goianesia-do-Para
2010,30.436,"7.023,88","4,33",Goianesia-do-Para
2011,31.031,"7.023,88","4,42",Goianesia-do-Para
2012,35.299,"7.023,90","5,03",Goianesia-do-Para
2013,36.5,"7.023,90","5,20",Goianesia-do-Para
2014,37.249,"6.928,20","5,38",Goianesia-do-Para
2015,37.975,"6.928,20","5,48",Goianesia-do-Para
2016,38.677,"7.023,94","5,51",Goianesia-do-Para
2017,39.352,"7.023,94","5,60",Goianesia-do-Para
2018,39.857,"7.023,94","5,67",Goianesia-do-Para
2019,40.475,"7.023,94","5,76",Goianesia-do-Para
2020,41.081,"7.023,94","5,85",Goianesia-do-Para
2021,41.678,"7.023,95","5,93",Goianesia-do-Para
2022,26.362,"7.023,95","3,75",Goianesia-do-Para
2023,27.78,"7.023,93","3,96",Goianesia-do-Para
2024,27.059,"7.023,93","3,85",Goianesia-do-Para
2000,13.708,"4.398,10","3,10",Bagre
2001,13.652,"4.398,10","3,10",Bagre
2002,13.679,"4.398,10","3,11",Bagre
2003,13.666,"4.398,10","3,11",Bagre
2004,13.636,"4.398,10","3,10",Bagre
2005,13.623,"4.398,10","3,10",Bagre
2006,13.607,"4.398,10","3,09",Bagre
2007,18.58,"4.398,10","4,22",Bagre
2008,19.78,"4.398,10","4,50",Bagre
2009,20.386,"4.398,10","4,64",Bagre
2010,23.864,"4.397,30","5,43",Bagre
2011,24.644,"4.397,30","5,60",Bagre
2012,25.398,"4.397,30","5,78",Bagre
2013,26.666,"4.397,30","6,06",Bagre
2014,27.491,"4.398,10","6,25",Bagre
2015,28.292,"4.398,10","6,43",Bagre
2016,29.065,"4.397,32","6,61",Bagre
2017,29.808,"4.397,32","6,78",Bagre
2018,30.009,"4.397,32","6,82",Bagre
2019,30.673,"4.397,32","6,98",Bagre
2020,31.325,"4.397,32","7,12",Bagre
2021,31.967,"4.397,32","7,27",Bagre
2022,31.892,"4.397,32","7,25",Bagre
2023,33.841,4.397,"7,70",Bagre
2024,34.633,4.397,"7,88",Bagre
2000,20.005,"1.392,40","14,30",Sao-Domingos-do-Araguaia
2001,20.57,"1.392,40","14,77",Sao-Domingos-do-Araguaia
2002,21.208,"1.392,40","15,23",Sao-Domingos-do-Araguaia
2003,21.766,"1.392,40","15,63",Sao-Domingos-do-Araguaia
2004,23.033,"1.392,40","16,54",Sao-Domingos-do-Araguaia
2005,23.587,"1.392,40","16,94",Sao-Domingos-do-Araguaia
2006,24.23,"1.392,40","17,40",Sao-Domingos-do-Araguaia
2007,21.094,"1.392,40","15,15",Sao-Domingos-do-Araguaia
2008,21.889,"1.392,40","15,72",Sao-Domingos-do-Araguaia
2009,22.063,"1.392,40","15,85",Sao-Domingos-do-Araguaia
2010,23.13,"1.392,46","16,61",Sao-Domingos-do-Araguaia
2011,23.37,"1.392,46","16,78",Sao-Domingos-do-Araguaia
2012,23.602,"1.392,50","16,95",Sao-Domingos-do-Araguaia
2013,24.012,"1.392,50","17,24",Sao-Domingos-do-Araguaia
2014,24.235,"1.392,40","17,41",Sao-Domingos-do-Araguaia
2015,24.451,"1.392,40","17,56",Sao-Domingos-do-Araguaia
2016,24.659,"1.392,46","17,71",Sao-Domingos-do-Araguaia
2017,24.859,"1.392,46","17,85",Sao-Domingos-do-Araguaia
2018,25.358,"1.392,46","18,21",Sao-Domingos-do-Araguaia
2019,25.557,"1.392,46","18,35",Sao-Domingos-do-Araguaia
2020,25.753,"1.392,46","18,49",Sao-Domingos-do-Araguaia
2021,25.945,"1.392,46","18,63",Sao-Domingos-do-Araguaia
2022,21.092,"1.392,46","15,15",Sao-Domingos-do-Araguaia
2023,21.926,"1.392,46","15,75",Sao-Domingos-do-Araguaia
2024,21.638,"1.392,46","15,54",Sao-Domingos-do-Araguaia
2000,31.218,"11.591,40","2,68",Santana-do-Araguaia
2001,32.813,"11.519,40","2,83",Santana-do-Araguaia
2002,34.436,"11.591,40","2,97",Santana-do-Araguaia
2003,35.93,"11.591,40","3,10",Santana-do-Araguaia
2004,39.318,"11.591,40","3,39",Santana-do-Araguaia
2005,40.8,"11.591,40","3,52",Santana-do-Araguaia
2006,42.523,"11.591,40","3,67",Santana-do-Araguaia
2007,49.053,"11.591,40","4,23",Santana-do-Araguaia
2008,52.856,"11.591,40","4,56",Santana-do-Araguaia
2009,55.033,"11.591,40","4,75",Santana-do-Araguaia
2010,56.153,"11.591,54","4,84",Santana-do-Araguaia
2011,58.067,"11.591,54","5,01",Santana-do-Araguaia
2012,59.919,"11.591,50","5,17",Santana-do-Araguaia
2013,63.031,"11.591,50","5,44",Santana-do-Araguaia
2014,65.062,"11.591,40","5,61",Santana-do-Araguaia
2015,67.033,"11.591,40","5,78",Santana-do-Araguaia
2016,68.934,"11.591,49","5,95",Santana-do-Araguaia
2017,70.764,"11.591,46","6,10",Santana-do-Araguaia
2018,71.187,"11.591,46","6,14",Santana-do-Araguaia
2019,72.817,"11.591,44","6,28",Santana-do-Araguaia
2020,74.419,"11.591,44","6,42",Santana-do-Araguaia
2021,75.995,"11.591,44","6,56",Santana-do-Araguaia
2022,32.413,"11.591,44","2,80",Santana-do-Araguaia
2023,33.171,"11.591,44","2,86",Santana-do-Araguaia
2024,31.683,"11.591,44","2,73",Santana-do-Araguaia
2000,52.126,"4.344,20","11,95",Acara
2001,53.272,"4.344,20","12,26",Acara
2002,55.27,"4.344,20","12,72",Acara
2003,56.729,"4.344,20","13,06",Acara
2004,60.039,"4.344,20","13,82",Acara
2005,61.487,"4.344,20","14,15",Acara
2006,63.17,"4.344,20","14,54",Acara
2007,47.923,"4.344,20","11,03",Acara
2008,48.878,"4.344,20","11,25",Acara
2009,48.501,"4.344,20","11,16",Acara
2010,53.569,"4.343,79","12,33",Acara
2011,53.68,"4.343,79","12,36",Acara
2012,53.787,"4.343,80","12,38",Acara
2013,54.03,"4.343,80","12,44",Acara
2014,54.047,"4.344,20","12,44",Acara
2015,54.064,"4.344,20","12,45",Acara
2016,54.08,"4.343,81","12,45",Acara
2017,54.096,"4.343,81","12,45",Acara
2018,55.513,"4.343,55","12,78",Acara
2019,55.591,"4.344,38","12,80",Acara
2020,55.669,"4.344,38","12,81",Acara
2021,55.744,"4.344,38","12,83",Acara
2022,59.023,"4.344,38","13,59",Acara
2023,62.311,"4.344,39","14,34",Acara
2024,62.701,"4.344,39","14,43",Acara
2000,19.835,"537,50","36,74",Santo-Antonio-do-Taua
2001,20.139,"537,50","37,47",Santo-Antonio-do-Taua
2002,20.405,"537,50","37,96",Santo-Antonio-do-Taua
2003,20.669,"537,50","38,45",Santo-Antonio-do-Taua
2004,21.269,"537,50","39,57",Santo-Antonio-do-Taua
2005,21.531,"537,50","40,06",Santo-Antonio-do-Taua
2006,21.836,"537,50","40,63",Santo-Antonio-do-Taua
2007,24.814,"537,50","46,17",Santo-Antonio-do-Taua
2008,26.222,"537,50","48,79",Santo-Antonio-do-Taua
2009,26.855,"537,50","49,96",Santo-Antonio-do-Taua
2010,26.674,"537,62","49,61",Santo-Antonio-do-Taua
2011,27.199,"537,62","50,59",Santo-Antonio-do-Taua
2012,27.707,"537,60","51,54",Santo-Antonio-do-Taua
2013,28.575,"537,60","53,15",Santo-Antonio-do-Taua
2014,29.11,"537,50","54,16",Santo-Antonio-do-Taua
2015,29.629,"537,50","55,12",Santo-Antonio-do-Taua
2016,30.129,"537,63","56,04",Santo-Antonio-do-Taua
2017,30.611,"537,63","56,94",Santo-Antonio-do-Taua
2018,31.038,"537,63","57,73",Santo-Antonio-do-Taua
2019,31.482,"537,62","58,56",Santo-Antonio-do-Taua
2020,31.918,"537,62","59,37",Santo-Antonio-do-Taua
2021,32.346,"537,62","60,17",Santo-Antonio-do-Taua
2022,27.461,"537,62","51,08",Santo-Antonio-do-Taua
2023,29.096,"537,62","54,12",Santo-Antonio-do-Taua
2024,29.134,"537,62","54,19",Santo-Antonio-do-Taua
2000,18.322,"6.990,90",2.61,Anajas
2001,18.813,"6.990,90","2,69",Anajas
2002,19.172,"6.990,90","2,74",Anajas
2003,19.566,"6.990,90","2,80",Anajas
2004,20.46,"6.990,90","2,93",Anajas
2005,20.853,"6.990,90","2,98",Anajas
2006,21.307,"6.990,90","3,05",Anajas
2007,24.942,"6.990,90","3,57",Anajas
2008,26.563,"6.990,90","3,80",Anajas
2009,27.386,"6.990,90","3,92",Anajas
2010,24.759,"6.921,72","3,58",Anajas
2011,25.253,"6.921,72","3,65",Anajas
2012,25.731,"6.921,70","3,72",Anajas
2013,26.547,"6.921,70","3,84",Anajas
2014,27.051,"6.990,90","3,87",Anajas
2015,27.54,"6.990,90","3,94",Anajas
2016,28.012,"6.913,07","4,05",Anajas
2017,28.466,"6.913,07","4,12",Anajas
2018,28.859,"6.913,64","4,17",Anajas
2019,29.277,"6.913,64","4,23",Anajas
2020,29.688,"6.913,64","4,29",Anajas
2021,30.091,"6.913,64","4,35",Anajas
2022,28.011,"6.913,64","4,05",Anajas
2023,29.669,6.914,"4,29",Anajas
2024,30.003,6.914,"4,34",Anajas
2000,19.486,"2.279,20","8,56",Curionopolis
2001,18.559,"2.279,20","8,14",Curionopolis
2002,17.863,"2.279,20","7,84",Curionopolis
2003,17.110,"2.279,20","7,51",Curionopolis
2004,15.401,"2.279,20","6,76",Curionopolis
2005,14.654,"2.279,20","6,43",Curionopolis
2006,13.785,"2.279,20","6,05",Curionopolis
2007,17.769,"2.279,20","7,80",Curionopolis
2008,18.102,"2.279,20","7,94",Curionopolis
2009,17. 944,"2.279,20","7,87",Curionopolis
2010,18.288,"2.368,74","7,72",Curionopolis
2011,18.196,"2.368,74","7,68",Curionopolis
2012,18.108,"2.368,70","7,64",Curionopolis
2013,17.983,"2.368,70","7,59",Curionopolis
2014,17.844,"2.279,20","7,83",Curionopolis
2015,17.709,"2.279,20","7,77",Curionopolis
2016,17.578,"2.369,10","7,42",Curionopolis
2017,17.453,"2.369,10","7,37",Curionopolis
2018,18.014,"2.369,10","7,60",Curionopolis
2019,17.929,"2.369,10","7,57",Curionopolis
2020,17.846,"2.369,10","7,53",Curionopolis
2021,17.764,"2.369,10","7,50",Curionopolis
2022,19.950,"2.369,10","8,42",Curionopolis
2023,20.786,"2.369,10","8,77",Curionopolis
2024,20.859,"2.369,10","8,80",Curionopolis
2000,9.718,"282,00","33,85",Primavera
2001,9.799,"282,00","34,75",Primavera
2002,10.087,"282,00","35,77",Primavera
2003,10.258,"282,00","36,38",Primavera
2004,10.647,"282,00","37,76",Primavera
2005,10.817,"282,00","38,36",Primavera
2006,11.012,"282,00","39,05",Primavera
2007,10.463,"282,00","37,10",Primavera
2008,10.883,"282,00","38,59",Primavera
2009,10.993,"282,00","38,98",Primavera
2010,10.268,"258,60","39,71",Primavera
2011,10.31,"258,60","39,87",Primavera
2012,10.352,"258,60","40,03",Primavera
2013,10.432,"258,60","40,34",Primavera
2014,10.458,"282,00","37,09",Primavera
2015,10.485,"282,00","37,18",Primavera
2016,10.51,"258,60","40,64",Primavera
2017,10.534,"258,60","40,73",Primavera
2018,10.792,"258,60","41,73",Primavera
2019,10.825,"258,60","41,86",Primavera
2020,10.857,"258,60","41,98",Primavera
2021,10.889,"258,60","42,11",Primavera
2022,10.851,"258,60","41,96",Primavera
2023,11.29,"259,33","43,54",Primavera
2024,11.332,"259,33","43,70",Primavera
2000,14.042,"11.991,20","1,19",Trairao
2001,14.95,"11.991,20","1,25",Trairao
2002,15.138,"11.991,20","1,26",Trairao
2003,15.647,"11.991,20","1,30",Trairao
2004,16.801,"11.991,20","1,40",Trairao
2005,17.305,"11.991,20","1,44",Trairao
2006,17.892,"11.991,20","1,49",Trairao
2007,16.097,"11.991,20","1,34",Trairao
2008,16.86,"11.991,20","1,41",Trairao
2009,17.134,"11.991,20","1,43",Trairao
2010,16.875,"11.991,06","1,41",Trairao
2011,17.092,"11.991,06",1.43,Trairao
2012,17.303,"11.991,10","1,44",Trairao
2013,17.67,"11.991,10","1,47",Trairao
2014,17.88,"11.991,20","1,49",Trairao
2015,18.084,"11.991,20","1,51",Trairao
2016,18.28,"11.991,09","1,52",Trairao
2017,18.469,"11.991,09","1,54",Trairao
2018,18.807,"11.991,09","1,57",Trairao
2019,18.989,"11.991,09","1,58",Trairao
2020,19.168,"11.991,09","1,60",Trairao
2021,19.344,"11.991,09","1,61",Trairao
2022,15.242,"11.991,09","1,27",Trairao
2023,15.748,"11.991,09","1,31",Trairao
2024,15.619,"11.991,09","1,30",Trairao
2000,39.529,"5.274,10","7,46",Dom-Eliseu
2001,41.278,"5.274,10","7,83",Dom-Eliseu
2002,42.72,"5.274,10","8,10",Dom-Eliseu
2003,44.201,"5.274,10","8,38",Dom-Eliseu
2004,47.561,"5.274,10","9,02",Dom-Eliseu
2005,49.031,"5.274,10","9,30",Dom-Eliseu
2006,50.739,"5.274,10","9,62",Dom-Eliseu
2007,38.15,"5.274,10","7,23",Dom-Eliseu
2008,39.161,"5.274,10","7,43",Dom-Eliseu
2009,39.088,"5.274,10","7,41",Dom-Eliseu
2010,51.319,"5.268,79","9,74",Dom-Eliseu
2011,52.224,"5.268,79","9,91",Dom-Eliseu
2012,53.1,"5.268,80","10,08",Dom-Eliseu
2013,54.602,"5.268,80","10,36",Dom-Eliseu
2014,55.513,"5.274,10","10,53",Dom-Eliseu
2015,56.398,"5.274,10","10,69",Dom-Eliseu
2016,57.251,"5.268,81","10,87",Dom-Eliseu
2017,58.071,"5.268,82","11,02",Dom-Eliseu
2018,58.956,"5.268,81","11,19",Dom-Eliseu
2019,59.719,"5.268,81","11,33",Dom-Eliseu
2020,60.469,"5.268,81","11,48",Dom-Eliseu
2021,61.206,"5.268,81","11,62",Dom-Eliseu
2022,58.484,"5.268,81","11,10",Dom-Eliseu
2023,61.78,"5.268,81","11,73",Dom-Eliseu
2024,62.322,"5.268,81","11,83",Dom-Eliseu
2000,74.429,"108,60","682,21",Marituba
2001,80.046,"108,60","737,07",Marituba
2002,82.095,"108,60","755,94",Marituba
2003,85.652,"108,60","788,69",Marituba
2004,93.723,"108,60","863,01",Marituba
2005,97.254,"108,60","895,53",Marituba
2006,101.356,"108,60","933,30",Marituba
2007,93.416,"108,60","860,18",Marituba
2008,98.746,"108,60","909,26",Marituba
2009,101.158,"108,60","931,47",Marituba
2010,108.246,"103,34","1.047,44",Marituba
2011,110.842,"103,34","1.072,56",Marituba
2012,113.353,"103,30","1.097,32",Marituba
2013,117.614,"103,30","1.138,57",Marituba
2014,120.305,"108,60","1.107,78",Marituba
2015,122.916,"108,60","1.131,82",Marituba
2016,125.435,"103,34","1.213,77",Marituba
2017,127.858,"103,34","1.237,22",Marituba
2018,129.321,"103,34","1.251,38",Marituba
2019,131.521,"103,21","1.274,26",Marituba
2020,133.685,"103,21","1.295,22",Marituba
2021,135.812,"103,21","1.315,83",Marituba
2022,111.785,"103,21","1.083,04",Marituba
2023,118.804,"103,21","1.151,05",Marituba
2024,118.998,"103,21","1.152,92",Marituba
2000,28.888,"11.832,10","2,43",Pacaja
2001,29.126,"11.832,10","2,46",Pacaja
2002,29.54,"11.832,10","2,50",Pacaja
2003,29.843,"11.832,10","2,52",Pacaja
2004,30.529,"11.832,10","2,58",Pacaja
2005,30.83,"11.832,10","2,61",Pacaja
2006,31.18,"11.832,10","2,64",Pacaja
2007,38.365,"11.832,10","3,24",Pacaja
2008,40.768,"11.832,10","3,45",Pacaja
2009,41.953,"11.832,10","3,55",Pacaja
2010,39.979,"11.832,26","3,38",Pacaja
2011,40.83,"11.832,26","3,45",Pacaja
2012,41.654,"11.832,30","3,52",Pacaja
2013,43.057,"11.832,30","3,64",Pacaja
2014,43.93,"11.832,10","3,71",Pacaja
2015,44.778,"11.832,10","3,78",Pacaja
2016,45.596,"11.832,32","3,85",Pacaja
2017,46.383,"11.832,33","3,92",Pacaja
2018,46.986,"11.832,33","3,97",Pacaja
2019,47.706,"11.832,32","4,03",Pacaja
2020,48.414,"11.832,32","4,09",Pacaja
2021,49.11,"11.832,32","4,15",Pacaja
2022,41.097,"11.832,32","3,47",Pacaja
2023,43.665,"11.832,32","3,69",Pacaja
2024,43.594,"11.832,32","3,68",Pacaja
2000,26.16,"673,30","38,68",Curuca
2001,26.922,"673,30","39,99",Curuca
2002,27.351,"673,30",40.62,Curuca
2003,27.903,"673,30","41,44",Curuca
2004,29.157,"673,30","43,30",Curuca
2005,29.705,"673,30","44,12",Curuca
2006,30.343,"673,30","45,07",Curuca
2007,33.768,"673,30","50,15",Curuca
2008,35.79,"673,30","53,16",Curuca
2009,36.748,"673,30","54,58",Curuca
2010,34.294,"672,67","50,98",Curuca
2011,34.918,"672,67","51,91",Curuca
2012,35.523,"672,70","52,81",Curuca
2013,36.557,"672,70","54,34",Curuca
2014,37.188,"673,30","55,23",Curuca
2015,37.8,"673,30","56,14",Curuca
2016,38.391,"672,68","57,07",Curuca
2017,38.959,"672,68","57,92",Curuca
2018,39.54,"672,95","58,76",Curuca
2019,40.066,"676,32","59,24",Curuca
2020,40.584,"676,32","60,01",Curuca
2021,41.093,"676,32","60,76",Curuca
2022,41.262,"676,32","61,01",Curuca
2023,43.889,"676,32","64,89",Curuca
2024,44.413,"676,32","65,67",Curuca
2000,7.76,"450,30","17,16",Peixe-Boi
2001,7.985,"450,30","17,73",Peixe-Boi
2002,8.137,"450,30","18,07",Peixe-Boi
2003,8.313,"450,30","18,46",Peixe-Boi
2004,8.71,"450,30","19,34",Peixe-Boi
2005,8.884,"450,30","19,73",Peixe-Boi
2006,9.087,"450,30","20,18",Peixe-Boi
2007,7.679,"450,30","17,05",Peixe-Boi
2008,7.908,"450,30","17,56",Peixe-Boi
2009,7.916,"450,30","17,58",Peixe-Boi
2010,7.854,"451,34","17,40",Peixe-Boi
2011,7.861,"451,34","17,42",Peixe-Boi
2012,7.869,"451,30","17,44",Peixe-Boi
2013,7.889,"451,30","17,48",Peixe-Boi
2014,7.881,"450,30","17,50",Peixe-Boi
2015,7.874,"450,30","17,49",Peixe-Boi
2016,7.867,"450,22","17,47",Peixe-Boi
2017,7.86,"450,22","17,46",Peixe-Boi
2018,8.073,"450,22","17,93",Peixe-Boi
2019,8.077,"450,22","17,94",Peixe-Boi
2020,8.081,"450,22","17,95",Peixe-Boi
2021,8.084,"450,22","17,96",Peixe-Boi
2022,8.285,"450,22","18,40",Peixe-Boi
2023,8.641,"450,22","19,19",Peixe-Boi
2024,8.651,"450,22","19,21",Peixe-Boi
2000,24.948,"38.161,40","0,65",Novo-Progresso
2001,27.365,"38.161,40","0,72",Novo-Progresso
2002,29.018,"38.161,40","0,76",Novo-Progresso
2003,30.907,"38.161,40","0,81",Novo-Progresso
2004,35.192,"38.161,40","0,92",Novo-Progresso
2005,37.067,"38.161,40","0,97",Novo-Progresso
2006,39.245,"38.161,40","1,03",Novo-Progresso
2007,21.598,"38.161,40","0,57",Novo-Progresso
2008,21.843,"38.161,40","0,57",Novo-Progresso
2009,21.504,"38.161,40","0,56",Novo-Progresso
2010,25.124,"38.162,37","0,66",Novo-Progresso
2011,25.138,"38.162,37","0,66",Novo-Progresso
2012,25.151,"38.162,40","0,66",Novo-Progresso
2013,25.203,"38.162,40","0,66",Novo-Progresso
2014,25.169,"38.161,40","0,66",Novo-Progresso
2015,25.135,"38.161,40","0,66",Novo-Progresso
2016,25.102,"38.162,12","0,66",Novo-Progresso
2017,25.071,"38.162,04","0,66",Novo-Progresso
2018,25.758,"38.162,04","0,67",Novo-Progresso
2019,25.762,"38.162,01","0,68",Novo-Progresso
2020,25.766,"38.162,00","0,68",Novo-Progresso
2021,25.769,"38.162,00","0,68",Novo-Progresso
2022,33.638,"38.162,00","0,88",Novo-Progresso
2023,35.621,"38.162,00","0,93",Novo-Progresso
2024,36.518,"38.162,00","0,96",Novo-Progresso
2000,41.817,"15.396,40","2,70",Novo-Repartimento
2001,43.449,"15.396,40","2,82",Novo-Repartimento
2002,44.61,"15.396,40","2,90",Novo-Repartimento
2003,45.906,"15.396,40","2,98",Novo-Repartimento
2004,48.846,"15.396,40","3,17",Novo-Repartimento
2005,50.133,"15.396,40","3,26",Novo-Repartimento
2006,51.627,"15.396,40","3,35",Novo-Repartimento
2007,51.645,"15.396,40",3.35,Novo-Repartimento
2008,54.506,"15.396,40","3,54",Novo-Repartimento
2009,55.762,"15.396,40","3,62",Novo-Repartimento
2010,62.05,"15.398,68","4,03",Novo-Repartimento
2011,63.603,"15.398,68","4,13",Novo-Repartimento
2012,65.106,"15.398,70","4,23",Novo-Repartimento
2013,67.652,"15.398,70","4,39",Novo-Repartimento
2014,69.267,"15.396,40","4,50",Novo-Repartimento
2015,70.835,"15.396,40","4,60",Novo-Repartimento
2016,72.347,"15.398,72","4,70",Novo-Repartimento
2017,73.802,"15.398,72","4,79",Novo-Repartimento
2018,74.602,"15.398,72","4,84",Novo-Repartimento
2019,75.919,"15.398,72","4,93",Novo-Repartimento
2020,77.214,"15.398,72","5,01",Novo-Repartimento
2021,78.488,"15.398,72","5,10",Novo-Repartimento
2022,60.732,"15.398,72","3,94",Novo-Repartimento
2023,64.191,"15.398,74","4,17",Novo-Repartimento
2024,63.754,"15.398,74","4,14",Novo-Repartimento
2000,33.011,"885,20","37,12",Augusto-Correa
2001,33.335,"885,20","37,66",Augusto-Correa
2002,33.577,"885,20","37,93",Augusto-Correa
2003,33.839,"885,20","38,23",Augusto-Correa
2004,34.435,"885,20","38,90",Augusto-Correa
2005,34.695,"885,20","39,19",Augusto-Correa
2006,34.995,"885,20","39,53",Augusto-Correa
2007,37.086,"885,20","41,90",Augusto-Correa
2008,38.76,"885,20","43,79",Augusto-Correa
2009,39.317,"885,20","44,42",Augusto-Correa
2010,40.497,"1.091,54","37,10",Augusto-Correa
2011,41.072,"1.091,54","37,63",Augusto-Correa
2012,41.628,"1.091,50","38,14",Augusto-Correa
2013,42.591,"1.091,50","39,02",Augusto-Correa
2014,43.154,"885,20","48,75",Augusto-Correa
2015,43.7,"885,20","49,37",Augusto-Correa
2016,44.227,"1.091,54","40,52",Augusto-Correa
2017,44.734,"1.091,54","40,98",Augusto-Correa
2018,45.516,"1.085,84","41,92",Augusto-Correa
2019,45.998,"1.099,62","41,83",Augusto-Correa
2020,46.471,"1.099,62","42,26",Augusto-Correa
2021,46.937,"1.099,62","42,68",Augusto-Correa
2022,44.573,"1.099,62","40,53",Augusto-Correa
2023,47.301,"1.099,58","43,02",Augusto-Correa
2024,47.596,"1.099,58","43,29",Augusto-Correa
2000,134.496,"1.024,80","130,65",Castanhal
2001,138.417,"1.024,80","135,07",Castanhal
2002,141.318,"1.024,80","137,90",Castanhal
2003,144.485,"1.024,80","140,99",Castanhal
2004,151.668,"1.024,80","148,00",Castanhal
2005,154.811,"1.024,80","151,06",Castanhal
2006,158.463,"1.024,80","154,63",Castanhal
2007,152.126,"1.024,80","148,44",Castanhal
2008,159.11,"1.024,80","155,26",Castanhal
2009,161.497,"1.024,80","157,59",Castanhal
2010,173.149,"1.028,89","168,29",Castanhal
2011,176.116,"1.028,89","171,17",Castanhal
2012,178.986,"1.028,90","173,96",Castanhal
2013,183.917,"1.028,90","178,75",Castanhal
2014,186.895,"1.024,80","182,37",Castanhal
2015,189.784,"1.024,80","185,19",Castanhal
2016,192.571,"1.028,89","187,16",Castanhal
2017,195.253,"1.028,89","189,77",Castanhal
2018,198.294,"1.030,26","192,47",Castanhal
2019,200.793,"1.029,30","195,08",Castanhal
2020,203.251,"1.029,30","197,47",Castanhal
2021,205.667,"1.029,30","199,81",Castanhal
2022,192.256,"1.029,30","186,78",Castanhal
2023,205.882,"1.029,30","200,02",Castanhal
2024,207.603,"1.029,30","201,69",Castanhal
2000,19.728,"1.815,90","10,82",Aurora-do-Para
2001,20.55,"1.815,90","11,32",Aurora-do-Para
2002,21.278,"1.815,90","11,72",Aurora-do-Para
2003,21.998,"1.815,90","12,11",Aurora-do-Para
2004,23.63,"1.815,90","13,01",Aurora-do-Para
2005,24.344,"1.815,90","13,41",Aurora-do-Para
2006,25.177,"1.815,90","13,86",Aurora-do-Para
2007,21.239,"1.815,90","11,70",Aurora-do-Para
2008,22.092,"1.815,90","12,17",Aurora-do-Para
2009,22.315,"1.815,90","12,29",Aurora-do-Para
2010,26.546,"1.811,82","14,65",Aurora-do-Para
2011,27.069,"1.811,82","14,94",Aurora-do-Para
2012,27.576,"1.811,80","15,22",Aurora-do-Para
2013,28.441,"1.811,80","15,70",Aurora-do-Para
2014,28.974,"1.815,90","15,96",Aurora-do-Para
2015,29.492,"1.815,90","16,24",Aurora-do-Para
2016,29.991,"1.811,84","16,55",Aurora-do-Para
2017,30.471,"1.811,84","16,82",Aurora-do-Para
2018,30.896,"1.811,84","17,05",Aurora-do-Para
2019,31.338,"1.811,84","17,30",Aurora-do-Para
2020,31.773,"1.811,84","17,54",Aurora-do-Para
2021,32.2,"1.811,84","17,77",Aurora-do-Para
2022,23.774,"1.811,84","13,12",Aurora-do-Para
2023,24.61,"1.811,84","13,58",Aurora-do-Para
2024,24.321,"1.811,84","13,42",Aurora-do-Para
2000,94.75,"62.111,60","1,52",Itaituba
2001,95.006,"62.111,60","1,53",Itaituba
2002,95.252,"62.111,60","1,53",Itaituba
2003,95.486,"62.111,60","1,54",Itaituba
2004,96.015,"62.111,60","1,55",Itaituba
2005,96.246,"62.111,60","1,55",Itaituba
2006,96.515,"62.111,60","1,55",Itaituba
2007,118.194,"62.111,60","1,90",Itaituba
2008,124.865,"62.111,60","2,01",Itaituba
2009,127.848,"62.111,60","2,06",Itaituba
2010,97.493,"62.040,11","1,57",Itaituba
2011,97.704,"62.040,11","1,57",Itaituba
2012,97.908,"62.040,10","1,58",Itaituba
2013,98.363,"62.040,10","1,59",Itaituba
2014,98.405,"62.111,60","1,58",Itaituba
2015,98.446,"62.111,60","1,58",Itaituba
2016,98.485,"62.042,30","1,59",Itaituba
2017,98.523,"62.042,47","1,59",Itaituba
2018,101.097,"62.042,47","1,63",Itaituba
2019,101.247,"62.042,47","1,63",Itaituba
2020,101.395,"62.042,47","1,63",Itaituba
2021,101.541,"62.042,47","1,64",Itaituba
2022,123.314,"62.042,47","1,99",Itaituba
2023,131.07,"62.042,47","2,11",Itaituba
2024,133.684,"62.042,47","2,15",Itaituba
2000,14.284,"3.444,10","4,13",Floresta-do-Araguaia
2001,14.462,"3.444,10","4,20",Floresta-do-Araguaia
2002,14.585,"3.444,10","4,23",Floresta-do-Araguaia
2003,14.725,"3.444,10","4,28",Floresta-do-Araguaia
2004,15.042,"3.444,10","4,37",Floresta-do-Araguaia
2005,15.181,"3.444,10","4,41",Floresta-do-Araguaia
2006,15.342,"3.444,10","4,45",Floresta-do-Araguaia
2007,14.964,"3.444,10","4,34",Floresta-do-Araguaia
2008,15.516,"3.444,10","4,51",Floresta-do-Araguaia
2009,15.629,"3.444,10","4,54",Floresta-do-Araguaia
2010,17.768,"3.444,27","5,16",Floresta-do-Araguaia
2011,18.035,"3.444,27","5,24",Floresta-do-Araguaia
2012,18.295,"3.444,30","5,31",Floresta-do-Araguaia
2013,18.741,"3.444,30","5,44",Floresta-do-Araguaia
2014,19.005,"3.444,10","5,52",Floresta-do-Araguaia
2015,19.261,"3.444,10","5,59",Floresta-do-Araguaia
2016,19.508,"3.444,29","5,66",Floresta-do-Araguaia
2017,19.746,"3.444,29","5,73",Floresta-do-Araguaia
2018,20.08,"3.444,29","5,83",Floresta-do-Araguaia
2019,20.304,"3.444,29","5,89",Floresta-do-Araguaia
2020,20.525,"3.444,29","5,96",Floresta-do-Araguaia
2021,20.742,"3.444,29","6,02",Floresta-do-Araguaia
2022,17.898,"3.444,29","5,20",Floresta-do-Araguaia
2023,18.625,"3.444,29","5,41",Floresta-do-Araguaia
2024,18.565,"3.444,29","5,39",Floresta-do-Araguaia
